{
  "type": "FeatureCollection",
  "features": [
    {
      "type": "Feature",
      "geometry": {
        "type": "LineString",
        "coordinates": [
          [
            -40.26996191451548,
            -20.23024870453538,
            0
          ],
          [
            -40.26974729925536,
            -20.23113782345367,
            0
          ],
          [
            -40.269746825491,
            -20.23120582313848,
            0
          ],
          [
            -40.26982108794984,
            -20.23127722437514,
            0
          ],
          [
            -40.26989425397503,
            -20.23128078537093,
            0
          ],
          [
            -40.26994205409527,
            -20.23135829900807,
            0
          ],
          [
            -40.27082964249857,
            -20.23085676731616,
            0
          ],
          [
            -40.271933058918,
            -20.23242102995303,
            0
          ],
          [
            -40.27198746505566,
            -20.23282326284241,
            0
          ],
          [
            -40.27160959719662,
            -20.2336998038952,
            0
          ],
          [
            -40.27160348342699,
            -20.23411470735465,
            0
          ],
          [
            -40.27171441339634,
            -20.23519352952098,
            0
          ],
          [
            -40.27190229938606,
            -20.23559028515937,
            0
          ],
          [
            -40.27258024168454,
            -20.23674622589521,
            0
          ],
          [
            -40.27263614584187,
            -20.23718594418675,
            0
          ],
          [
            -40.27236334055161,
            -20.23779256042266,
            0
          ],
          [
            -40.27165627465327,
            -20.23893807284292,
            0
          ],
          [
            -40.27162587105122,
            -20.23925402135148,
            0
          ],
          [
            -40.27179357476436,
            -20.23944660305212,
            0
          ],
          [
            -40.27310061699421,
            -20.24044970047943,
            0
          ],
          [
            -40.27342584505472,
            -20.24001907451311,
            0
          ],
          [
            -40.27359882075738,
            -20.24002322004991,
            0
          ],
          [
            -40.27373487156322,
            -20.24018748384017,
            0
          ],
          [
            -40.27379444706705,
            -20.24034720728627,
            0
          ],
          [
            -40.27374697495663,
            -20.24052051777592,
            0
          ],
          [
            -40.2736887090757,
            -20.24069098558269,
            0
          ],
          [
            -40.2735291302455,
            -20.24080100777522,
            0
          ],
          [
            -40.27335405047931,
            -20.2408622079017,
            0
          ],
          [
            -40.2731419508758,
            -20.24075699792655,
            0
          ],
          [
            -40.2729046405411,
            -20.24076074455132,
            0
          ],
          [
            -40.27259652283023,
            -20.24094302133562,
            0
          ],
          [
            -40.27233834345181,
            -20.24112578035668,
            0
          ],
          [
            -40.27203984492609,
            -20.24117002813766,
            0
          ],
          [
            -40.27165396175467,
            -20.24133079375428,
            0
          ],
          [
            -40.27130603976809,
            -20.24154457009432,
            0
          ],
          [
            -40.27079925365585,
            -20.24192992773733,
            0
          ],
          [
            -40.2702322905415,
            -20.2423891689261,
            0
          ],
          [
            -40.26933041185386,
            -20.24308292650769,
            0
          ],
          [
            -40.2688010847157,
            -20.24350140471682,
            0
          ],
          [
            -40.26860817836418,
            -20.24365148184406,
            0
          ],
          [
            -40.26846855421919,
            -20.24387111460872,
            0
          ],
          [
            -40.26754183951533,
            -20.24571426061451,
            0
          ],
          [
            -40.26619853159497,
            -20.24837201938602,
            0
          ],
          [
            -40.26458513278693,
            -20.25152791727755,
            0
          ],
          [
            -40.26355192109326,
            -20.25352931747036,
            0
          ],
          [
            -40.26350547762518,
            -20.25370241390642,
            0
          ],
          [
            -40.26350975374189,
            -20.25383849532637,
            0
          ],
          [
            -40.26361466284647,
            -20.25398031843294,
            0
          ],
          [
            -40.26379994689631,
            -20.25415128588226,
            0
          ],
          [
            -40.26389496762827,
            -20.25428393359107,
            0
          ],
          [
            -40.26399444920066,
            -20.2545014699288,
            0
          ],
          [
            -40.26400245315507,
            -20.25473689867859,
            0
          ],
          [
            -40.26356230864331,
            -20.26458013810988,
            0
          ],
          [
            -40.26357974520668,
            -20.26470835208902,
            0
          ],
          [
            -40.26364883626792,
            -20.26476097268428,
            0
          ],
          [
            -40.26627780412901,
            -20.26553407431741,
            0
          ],
          [
            -40.26743868000419,
            -20.26588385268661,
            0
          ],
          [
            -40.26836721468818,
            -20.26625143311009,
            0
          ],
          [
            -40.2698792864916,
            -20.26684979667052,
            0
          ],
          [
            -40.2709338322269,
            -20.26724360877751,
            0
          ],
          [
            -40.27215630053922,
            -20.26797244919392,
            0
          ],
          [
            -40.27374081332253,
            -20.26888966927882,
            0
          ],
          [
            -40.27546964716698,
            -20.26992098621381,
            0
          ],
          [
            -40.27659329322591,
            -20.27064504677369,
            0
          ],
          [
            -40.27822798321896,
            -20.27166291290474,
            0
          ],
          [
            -40.27985966143513,
            -20.27276138258278,
            0
          ],
          [
            -40.28138560829806,
            -20.27385554002629,
            0
          ],
          [
            -40.28216469079611,
            -20.27447205447966,
            0
          ],
          [
            -40.28375161941627,
            -20.27575682436494,
            0
          ],
          [
            -40.28531891531052,
            -20.27715822425215,
            0
          ],
          [
            -40.28745306957464,
            -20.27929717506462,
            0
          ],
          [
            -40.28787259685607,
            -20.2798925596325,
            0
          ],
          [
            -40.28858111929688,
            -20.28109895888803,
            0
          ],
          [
            -40.28895917223864,
            -20.28175623474589,
            0
          ],
          [
            -40.29004765563975,
            -20.28359735503458,
            0
          ],
          [
            -40.29060166627282,
            -20.2848080663811,
            0
          ],
          [
            -40.29078883585429,
            -20.28549723291608,
            0
          ],
          [
            -40.29096976881612,
            -20.28650456161455,
            0
          ],
          [
            -40.29102013406114,
            -20.28731621209617,
            0
          ],
          [
            -40.29100517192746,
            -20.28786347033585,
            0
          ],
          [
            -40.2908700123436,
            -20.28882684110238,
            0
          ],
          [
            -40.29068544998707,
            -20.28974469273249,
            0
          ],
          [
            -40.29044890068862,
            -20.29072956066065,
            0
          ],
          [
            -40.29030503928988,
            -20.29134934743714,
            0
          ],
          [
            -40.29007472995274,
            -20.29190485991453,
            0
          ],
          [
            -40.28954025588414,
            -20.29292664723498,
            0
          ],
          [
            -40.28927216256982,
            -20.29342862763607,
            0
          ],
          [
            -40.28920427193954,
            -20.2936556982048,
            0
          ],
          [
            -40.289201645198,
            -20.29390724000443,
            0
          ],
          [
            -40.28938126439616,
            -20.29446100654662,
            0
          ],
          [
            -40.28959417840609,
            -20.29503803297304,
            0
          ],
          [
            -40.29020311601877,
            -20.2958068048086,
            0
          ],
          [
            -40.29082590815656,
            -20.29665605811425,
            0
          ],
          [
            -40.291398107734,
            -20.29744767946982,
            0
          ],
          [
            -40.29176026035517,
            -20.29793652711927,
            0
          ],
          [
            -40.29193794815532,
            -20.29823034999375,
            0
          ],
          [
            -40.2921190941177,
            -20.29878973316247,
            0
          ],
          [
            -40.29224600242604,
            -20.29929575041414,
            0
          ],
          [
            -40.29228394499539,
            -20.29988166445687,
            0
          ],
          [
            -40.2921957467216,
            -20.30031650368975,
            0
          ],
          [
            -40.29208394152334,
            -20.30070275451216,
            0
          ],
          [
            -40.29196849318079,
            -20.30107219166111,
            0
          ],
          [
            -40.29182747572973,
            -20.3015029304771,
            0
          ],
          [
            -40.29181681637848,
            -20.30192865888345,
            0
          ],
          [
            -40.29185220062276,
            -20.30246599631779,
            0
          ],
          [
            -40.29184802668041,
            -20.30316078086855,
            0
          ],
          [
            -40.29190301701689,
            -20.30347250138659,
            0
          ],
          [
            -40.29201228172318,
            -20.30373345787602,
            0
          ],
          [
            -40.29236025549596,
            -20.3042430586876,
            0
          ],
          [
            -40.29240397195647,
            -20.30441826623786,
            0
          ],
          [
            -40.29235809332833,
            -20.30464997088776,
            0
          ],
          [
            -40.29219995932683,
            -20.30511189872225,
            0
          ],
          [
            -40.29211710005633,
            -20.30556665319042,
            0
          ],
          [
            -40.29207319946763,
            -20.30611052594226,
            0
          ],
          [
            -40.29199545420087,
            -20.30665700333359,
            0
          ],
          [
            -40.29188035751243,
            -20.30713155978141,
            0
          ],
          [
            -40.29169754477771,
            -20.30763499648118,
            0
          ],
          [
            -40.29151190118834,
            -20.30804712042614,
            0
          ],
          [
            -40.2912806072423,
            -20.30849785000397,
            0
          ],
          [
            -40.2908050237852,
            -20.30916607708803,
            0
          ],
          [
            -40.29026357603275,
            -20.30985458836844,
            0
          ],
          [
            -40.28983734560597,
            -20.31033702303611,
            0
          ],
          [
            -40.2895817686254,
            -20.31068547968254,
            0
          ],
          [
            -40.28940596101747,
            -20.31101860642675,
            0
          ],
          [
            -40.28932778688548,
            -20.31130251762994,
            0
          ],
          [
            -40.28930438028659,
            -20.31154017408692,
            0
          ],
          [
            -40.28932136196121,
            -20.31184914381868,
            0
          ],
          [
            -40.28942137035734,
            -20.31206880161397,
            0
          ],
          [
            -40.28963547791687,
            -20.31256117934068,
            0
          ],
          [
            -40.28973805525386,
            -20.31285658455147,
            0
          ],
          [
            -40.29081228933482,
            -20.31418536381018,
            0
          ],
          [
            -40.29142730127291,
            -20.31492573910222,
            0
          ],
          [
            -40.29195233089615,
            -20.3155614811126,
            0
          ],
          [
            -40.29226757822638,
            -20.31581499949211,
            0
          ],
          [
            -40.29267945996573,
            -20.31599097440845,
            0
          ],
          [
            -40.29311046738522,
            -20.31610472840004,
            0
          ],
          [
            -40.29551945966201,
            -20.31612456293681,
            0
          ],
          [
            -40.29804048224754,
            -20.31616876988984,
            0
          ],
          [
            -40.29863244279534,
            -20.31633732830228,
            0
          ],
          [
            -40.29913726581292,
            -20.31634392781841,
            0
          ],
          [
            -40.29967791544614,
            -20.31625056298146,
            0
          ],
          [
            -40.30074346285812,
            -20.31589232876146,
            0
          ],
          [
            -40.30140214310194,
            -20.31563151256189,
            0
          ],
          [
            -40.30163042617657,
            -20.31544384263609,
            0
          ],
          [
            -40.30186275609849,
            -20.31532748209643,
            0
          ],
          [
            -40.30221964887607,
            -20.3153702126436,
            0
          ],
          [
            -40.30363200608473,
            -20.31555870020124,
            0
          ],
          [
            -40.3039530519059,
            -20.3156370404549,
            0
          ],
          [
            -40.30420040971391,
            -20.31576656039868,
            0
          ],
          [
            -40.30453999121583,
            -20.31612176057697,
            0
          ],
          [
            -40.30646186894224,
            -20.31805842395531,
            0
          ],
          [
            -40.30666567842462,
            -20.31822656952917,
            0
          ],
          [
            -40.3069151449623,
            -20.31829495950135,
            0
          ],
          [
            -40.30894729244835,
            -20.31822073379091,
            0
          ],
          [
            -40.30993372994617,
            -20.3181929609845,
            0
          ],
          [
            -40.31043459849429,
            -20.31806965528666,
            0
          ],
          [
            -40.31086118639892,
            -20.3179013653027,
            0
          ],
          [
            -40.3112618171275,
            -20.3176205280664,
            0
          ],
          [
            -40.31168572551556,
            -20.31727042738271,
            0
          ],
          [
            -40.3122774940015,
            -20.31699636446394,
            0
          ],
          [
            -40.3128011945137,
            -20.31687805639884,
            0
          ],
          [
            -40.31342989965259,
            -20.31683246200122,
            0
          ],
          [
            -40.31447067976542,
            -20.31695046845849,
            0
          ],
          [
            -40.31657576912119,
            -20.31729776962277,
            0
          ],
          [
            -40.31899687929285,
            -20.31770595026156,
            0
          ],
          [
            -40.32120794011397,
            -20.31808109413363,
            0
          ],
          [
            -40.32185532960117,
            -20.31823862862167,
            0
          ],
          [
            -40.32234867497068,
            -20.31842567418021,
            0
          ],
          [
            -40.32284864883314,
            -20.31865939744612,
            0
          ],
          [
            -40.3234107379959,
            -20.3189710710555,
            0
          ],
          [
            -40.32383713932309,
            -20.31924289251057,
            0
          ],
          [
            -40.32432239648739,
            -20.31961380087361,
            0
          ],
          [
            -40.32458054726273,
            -20.31986386446105,
            0
          ],
          [
            -40.32480720842774,
            -20.32024226774405,
            0
          ],
          [
            -40.32502614172694,
            -20.32055889977507,
            0
          ],
          [
            -40.32524952920715,
            -20.32079098736634,
            0
          ],
          [
            -40.32554232307771,
            -20.32101663221238,
            0
          ],
          [
            -40.32595047318676,
            -20.32114462692307,
            0
          ],
          [
            -40.32646923711668,
            -20.32115827767945,
            0
          ],
          [
            -40.32697635389152,
            -20.32106900694194,
            0
          ],
          [
            -40.32751479556027,
            -20.32087462233054,
            0
          ],
          [
            -40.32799360947616,
            -20.32057513779377,
            0
          ],
          [
            -40.32836574668809,
            -20.32035496563106,
            0
          ],
          [
            -40.32883047639957,
            -20.32019435209567,
            0
          ],
          [
            -40.32926629451794,
            -20.32017178935679,
            0
          ],
          [
            -40.32970940742152,
            -20.32023366217745,
            0
          ],
          [
            -40.32978990028994,
            -20.3201727082305,
            0
          ],
          [
            -40.32995644509936,
            -20.31877822513074,
            0
          ],
          [
            -40.330015761994,
            -20.31858835812603,
            0
          ],
          [
            -40.33011662978903,
            -20.31856569147929,
            0
          ],
          [
            -40.33039844766149,
            -20.31860921993717,
            0
          ],
          [
            -40.33923607378979,
            -20.32199097142213,
            0
          ],
          [
            -40.33956307790395,
            -20.32203005957863,
            0
          ],
          [
            -40.34009023114442,
            -20.3218830857132,
            0
          ],
          [
            -40.34066712361004,
            -20.32170521550384,
            0
          ],
          [
            -40.341320104818,
            -20.32159994783751,
            0
          ],
          [
            -40.34403254880847,
            -20.3212753908651,
            0
          ],
          [
            -40.34470151756913,
            -20.32156423971844,
            0
          ],
          [
            -40.34491627236783,
            -20.32155621317571,
            0
          ],
          [
            -40.34513658061663,
            -20.32147693794192,
            0
          ],
          [
            -40.34588120536521,
            -20.32070948570519,
            0
          ],
          [
            -40.34637520849939,
            -20.3202008476047,
            0
          ],
          [
            -40.34661014921212,
            -20.32002023514131,
            0
          ],
          [
            -40.34694097941928,
            -20.31986164153395,
            0
          ],
          [
            -40.34712206914721,
            -20.31976445681471,
            0
          ],
          [
            -40.34728013347687,
            -20.31959035149146,
            0
          ],
          [
            -40.34734991392757,
            -20.31950642480089,
            0
          ],
          [
            -40.34753073179584,
            -20.31947567009427,
            0
          ],
          [
            -40.34779450185702,
            -20.31954396168092,
            0
          ],
          [
            -40.34834412191959,
            -20.31960358590214,
            0
          ],
          [
            -40.34948351542126,
            -20.31967344281332,
            0
          ],
          [
            -40.34973389091712,
            -20.31975577360673,
            0
          ],
          [
            -40.34980916859367,
            -20.31981744267715,
            0
          ],
          [
            -40.3507347822539,
            -20.32102880424882,
            0
          ],
          [
            -40.35087584160551,
            -20.3213281168072,
            0
          ],
          [
            -40.3508554432681,
            -20.32164722336771,
            0
          ],
          [
            -40.35083925579529,
            -20.32195463849164,
            0
          ],
          [
            -40.35076839807847,
            -20.32220976987583,
            0
          ],
          [
            -40.35062704661232,
            -20.32242644362849,
            0
          ],
          [
            -40.35036651278291,
            -20.32310067457696,
            0
          ],
          [
            -40.35025725109498,
            -20.32342160773857,
            0
          ],
          [
            -40.35024936667438,
            -20.32355641853273,
            0
          ],
          [
            -40.35029060096185,
            -20.32378324448721,
            0
          ],
          [
            -40.35034902960994,
            -20.32389800940077,
            0
          ],
          [
            -40.35204833009573,
            -20.32677059844772,
            0
          ],
          [
            -40.35216086440533,
            -20.32696453176448,
            0
          ],
          [
            -40.35233091419563,
            -20.32719246779398,
            0
          ],
          [
            -40.35246675679659,
            -20.32738864317256,
            0
          ],
          [
            -40.35262430840141,
            -20.32771680680564,
            0
          ],
          [
            -40.35287316248747,
            -20.32813976941793,
            0
          ],
          [
            -40.35303629498966,
            -20.32843109086999,
            0
          ],
          [
            -40.35325098449355,
            -20.32884683221121,
            0
          ],
          [
            -40.35339357378899,
            -20.329157541924,
            0
          ],
          [
            -40.35352032621973,
            -20.32948170514199,
            0
          ],
          [
            -40.35362751993038,
            -20.32983189649218,
            0
          ],
          [
            -40.35366220355925,
            -20.32999777277292,
            0
          ],
          [
            -40.35379324048198,
            -20.33065016917842,
            0
          ],
          [
            -40.3537720280395,
            -20.33103464560255,
            0
          ],
          [
            -40.35369870891057,
            -20.33203668743519,
            0
          ],
          [
            -40.35366678854921,
            -20.33229648793579,
            0
          ],
          [
            -40.35361200887298,
            -20.33236059581385,
            0
          ],
          [
            -40.35342934939042,
            -20.33231119087436,
            0
          ],
          [
            -40.35285340907828,
            -20.33216736702661,
            0
          ],
          [
            -40.3525900515667,
            -20.33221932613639,
            0
          ],
          [
            -40.35240373498108,
            -20.33222599186566,
            0
          ],
          [
            -40.35230902788572,
            -20.33215757949288,
            0
          ],
          [
            -40.35228945281594,
            -20.33201176479684,
            0
          ],
          [
            -40.35234427019768,
            -20.33186449748596,
            0
          ],
          [
            -40.35242532280981,
            -20.33164997582079,
            0
          ],
          [
            -40.35235791830556,
            -20.33082255416576,
            0
          ],
          [
            -40.3523571608017,
            -20.33067006372524,
            0
          ],
          [
            -40.35248663486848,
            -20.33066214040204,
            0
          ],
          [
            -40.35321461205935,
            -20.33062865182835,
            0
          ],
          [
            -40.35322411355909,
            -20.33050323112882,
            0
          ],
          [
            -40.35319854781773,
            -20.33013627879631,
            0
          ],
          [
            -40.35315233948131,
            -20.33006725013643,
            0
          ],
          [
            -40.35301232384568,
            -20.32996700516131,
            0
          ],
          [
            -40.35289643725561,
            -20.32996411701437,
            0
          ],
          [
            -40.35252387762413,
            -20.33000090873724,
            0
          ],
          [
            -40.35249365533748,
            -20.3300577471627,
            0
          ],
          [
            -40.35232358280618,
            -20.33007187101741,
            0
          ],
          [
            -40.35235071516532,
            -20.33026799688717,
            0
          ],
          [
            -40.35237505226996,
            -20.33057858312112,
            0
          ],
          [
            -40.35244630485128,
            -20.33063559831398,
            0
          ],
          [
            -40.35298444109573,
            -20.33067300937879,
            0
          ],
          [
            -40.35311184683354,
            -20.33067837677585,
            0
          ],
          [
            -40.35345551264923,
            -20.33063772933102,
            0
          ],
          [
            -40.35360166268072,
            -20.33054560819749,
            0
          ],
          [
            -40.3537163828156,
            -20.33033751247197,
            0
          ],
          [
            -40.35384134588763,
            -20.3302534301902,
            0
          ],
          [
            -40.35397286115681,
            -20.3301891152025,
            0
          ],
          [
            -40.35415736658037,
            -20.33017748645363,
            0
          ],
          [
            -40.35429069558467,
            -20.33018924942627,
            0
          ],
          [
            -40.35444798193579,
            -20.33026612085257,
            0
          ],
          [
            -40.3545774038816,
            -20.33035344996564,
            0
          ],
          [
            -40.35476537171229,
            -20.33056113049148,
            0
          ],
          [
            -40.35484862146956,
            -20.33069550331555,
            0
          ],
          [
            -40.35486556522674,
            -20.33083150408346,
            0
          ],
          [
            -40.35491335486,
            -20.33129309190511,
            0
          ],
          [
            -40.35502017448416,
            -20.33192356664781,
            0
          ],
          [
            -40.35504706429088,
            -20.33211953915214,
            0
          ],
          [
            -40.35511340661279,
            -20.3322637291779,
            0
          ],
          [
            -40.35523423625029,
            -20.33241669123365,
            0
          ],
          [
            -40.35538962237752,
            -20.33254391780957,
            0
          ],
          [
            -40.35558247147412,
            -20.33264306671531,
            0
          ],
          [
            -40.35593507029748,
            -20.33269746563586,
            0
          ],
          [
            -40.35705153822078,
            -20.33273684804558,
            0
          ],
          [
            -40.35816013236369,
            -20.33280699290727,
            0
          ],
          [
            -40.3587021825583,
            -20.33285679254887,
            0
          ],
          [
            -40.35883223097145,
            -20.33281441779149,
            0
          ],
          [
            -40.35898778550005,
            -20.33269404093111,
            0
          ],
          [
            -40.35913918562667,
            -20.33259299099964,
            0
          ],
          [
            -40.35926284137212,
            -20.33258428487106,
            0
          ],
          [
            -40.35938137205713,
            -20.3326127054172,
            0
          ],
          [
            -40.35946001364061,
            -20.3326992899135,
            0
          ],
          [
            -40.35950964314012,
            -20.33281933561308,
            0
          ],
          [
            -40.35947350138506,
            -20.33299712931755,
            0
          ],
          [
            -40.35940558681662,
            -20.33316295034615,
            0
          ],
          [
            -40.3593455710272,
            -20.33331100485946,
            0
          ],
          [
            -40.35944982315522,
            -20.33331899993362,
            0
          ],
          [
            -40.35957533952558,
            -20.33343125980227,
            0
          ],
          [
            -40.35950351457176,
            -20.33353734739661,
            0
          ],
          [
            -40.35894773414854,
            -20.33414972527227,
            0
          ],
          [
            -40.3588799863839,
            -20.33423807154163,
            0
          ],
          [
            -40.35887914486631,
            -20.33428869116158,
            0
          ],
          [
            -40.35898883357652,
            -20.33437697493298,
            0
          ],
          [
            -40.35887437426215,
            -20.33446856075613,
            0
          ],
          [
            -40.35811112857398,
            -20.33382173153153,
            0
          ],
          [
            -40.35814443662626,
            -20.33369876584654,
            0
          ],
          [
            -40.35864490277916,
            -20.33313754343947,
            0
          ],
          [
            -40.35878941057713,
            -20.33295881487262,
            0
          ],
          [
            -40.35888017598416,
            -20.33290312054366,
            0
          ],
          [
            -40.3596284667841,
            -20.33295343742689,
            0
          ],
          [
            -40.35990113288617,
            -20.33297674654745,
            0
          ],
          [
            -40.36030000764286,
            -20.33292245891834,
            0
          ],
          [
            -40.36064206105041,
            -20.33279361933234,
            0
          ],
          [
            -40.36105344426271,
            -20.33258499512245,
            0
          ],
          [
            -40.36190522143374,
            -20.33209607928448,
            0
          ],
          [
            -40.36265987909134,
            -20.33170176602386,
            0
          ],
          [
            -40.36353474790693,
            -20.3312621165746,
            0
          ],
          [
            -40.36391647482762,
            -20.33111959499352,
            0
          ],
          [
            -40.36429325024844,
            -20.33105118727502,
            0
          ],
          [
            -40.36466429088911,
            -20.33103780023266,
            0
          ],
          [
            -40.36506248592672,
            -20.33105290800935,
            0
          ],
          [
            -40.36540884680139,
            -20.33111711703933,
            0
          ],
          [
            -40.36569776958962,
            -20.33120923832628,
            0
          ],
          [
            -40.36592985879868,
            -20.33128886330651,
            0
          ],
          [
            -40.36624288458798,
            -20.33144236293992,
            0
          ],
          [
            -40.36653360421511,
            -20.33164858926564,
            0
          ],
          [
            -40.36682716187982,
            -20.33190434815201,
            0
          ],
          [
            -40.36716620880417,
            -20.33218978453035,
            0
          ],
          [
            -40.36744484770427,
            -20.33245033832424,
            0
          ],
          [
            -40.3675900373853,
            -20.33259907931506,
            0
          ],
          [
            -40.36806756391282,
            -20.33297155758881,
            0
          ],
          [
            -40.36875976628084,
            -20.3335162546627,
            0
          ],
          [
            -40.3689680956755,
            -20.33367938350418,
            0
          ],
          [
            -40.36948138032844,
            -20.33399781993427,
            0
          ],
          [
            -40.36989329595262,
            -20.33422892169443,
            0
          ],
          [
            -40.37056990650166,
            -20.3345140283007,
            0
          ],
          [
            -40.37144830589167,
            -20.33484822223547,
            0
          ],
          [
            -40.37244602390705,
            -20.33518930504398,
            0
          ],
          [
            -40.37319236140131,
            -20.33541704478807,
            0
          ],
          [
            -40.37363883605556,
            -20.33547810055483,
            0
          ],
          [
            -40.37467854685094,
            -20.33553731982548,
            0
          ],
          [
            -40.37500333166261,
            -20.33553019054458,
            0
          ],
          [
            -40.37528479317949,
            -20.33551524074849,
            0
          ],
          [
            -40.37577351187558,
            -20.33537268020745,
            0
          ],
          [
            -40.37610133949125,
            -20.33528738399449,
            0
          ],
          [
            -40.37654432421609,
            -20.33529470580445,
            0
          ],
          [
            -40.37679295352068,
            -20.3353514971137,
            0
          ],
          [
            -40.37697429759831,
            -20.33543052502655,
            0
          ],
          [
            -40.37708028265394,
            -20.33551102660453,
            0
          ],
          [
            -40.37736364228343,
            -20.33569750220419,
            0
          ],
          [
            -40.37770603141031,
            -20.33589455120505,
            0
          ],
          [
            -40.37859012911122,
            -20.33634966603004,
            0
          ],
          [
            -40.37921751085055,
            -20.33667138390125,
            0
          ],
          [
            -40.38001791370912,
            -20.33711388080202,
            0
          ],
          [
            -40.38109661840188,
            -20.33780972617526,
            0
          ],
          [
            -40.38173296357679,
            -20.33816957011276,
            0
          ],
          [
            -40.3820593953861,
            -20.33830762917275,
            0
          ],
          [
            -40.38252180591233,
            -20.33841129963326,
            0
          ],
          [
            -40.38282276607444,
            -20.33843888565094,
            0
          ],
          [
            -40.38314351059847,
            -20.33842570599072,
            0
          ],
          [
            -40.38350082356567,
            -20.33838371122352,
            0
          ],
          [
            -40.38391709668733,
            -20.33826718067589,
            0
          ],
          [
            -40.38425948806858,
            -20.33812068243197,
            0
          ],
          [
            -40.38461296717161,
            -20.33792842859372,
            0
          ],
          [
            -40.38501660131448,
            -20.33769664471527,
            0
          ],
          [
            -40.38532587611938,
            -20.33753274046287,
            0
          ],
          [
            -40.38604127375921,
            -20.33714040441252,
            0
          ],
          [
            -40.38685124353411,
            -20.33670487832154,
            0
          ],
          [
            -40.38716956280926,
            -20.33655115177677,
            0
          ],
          [
            -40.38748257360664,
            -20.33642422171439,
            0
          ],
          [
            -40.38779166917678,
            -20.33633554008517,
            0
          ],
          [
            -40.38801177780887,
            -20.33629677739587,
            0
          ],
          [
            -40.38837469864185,
            -20.33625572403268,
            0
          ],
          [
            -40.38870826065765,
            -20.336249194932,
            0
          ],
          [
            -40.38908027222106,
            -20.33629027910637,
            0
          ],
          [
            -40.38932944868612,
            -20.33633190745164,
            0
          ],
          [
            -40.38976391233549,
            -20.3364523013085,
            0
          ],
          [
            -40.39012855096716,
            -20.33661449452113,
            0
          ],
          [
            -40.39038314639701,
            -20.33676108299859,
            0
          ],
          [
            -40.39069998157286,
            -20.33696265507009,
            0
          ],
          [
            -40.39115937820641,
            -20.33736194857491,
            0
          ],
          [
            -40.39186649620719,
            -20.33791285460364,
            0
          ],
          [
            -40.39216114865465,
            -20.3380977416861,
            0
          ],
          [
            -40.39238721442091,
            -20.33828184134365,
            0
          ],
          [
            -40.39288735232689,
            -20.33866277722876,
            0
          ],
          [
            -40.39317392792916,
            -20.33889735181053,
            0
          ],
          [
            -40.39341795072158,
            -20.33908742704544,
            0
          ],
          [
            -40.39390050934735,
            -20.33945741140041,
            0
          ],
          [
            -40.39433763057823,
            -20.33979060115317,
            0
          ],
          [
            -40.39500989737943,
            -20.34028838282722,
            0
          ],
          [
            -40.3954107833712,
            -20.34055646569732,
            0
          ],
          [
            -40.39609776270052,
            -20.3409532172104,
            0
          ],
          [
            -40.39709815913231,
            -20.3414037949617,
            0
          ],
          [
            -40.39739953943126,
            -20.34152442119397,
            0
          ],
          [
            -40.3986470943051,
            -20.34189156374459,
            0
          ],
          [
            -40.39911953085597,
            -20.34196695953922,
            0
          ],
          [
            -40.39945881220592,
            -20.3420232972383,
            0
          ],
          [
            -40.4002325234619,
            -20.34212176006373,
            0
          ],
          [
            -40.40095172755284,
            -20.34225110104199,
            0
          ],
          [
            -40.40225487147174,
            -20.34245817661163,
            0
          ],
          [
            -40.40295007853661,
            -20.34264214151861,
            0
          ],
          [
            -40.40305719552487,
            -20.34274995474562,
            0
          ],
          [
            -40.40302993314923,
            -20.34300401924465,
            0
          ],
          [
            -40.40283683273355,
            -20.3430995708995,
            0
          ],
          [
            -40.40003155217013,
            -20.34258810515536,
            0
          ],
          [
            -40.39918069545671,
            -20.3424271237238,
            0
          ],
          [
            -40.39913259824917,
            -20.3424819120809,
            0
          ],
          [
            -40.39900629028735,
            -20.34262554955873,
            0
          ],
          [
            -40.39878145913944,
            -20.34288675900958,
            0
          ],
          [
            -40.39868701825238,
            -20.34305341369221,
            0
          ],
          [
            -40.3986160557372,
            -20.3433111990647,
            0
          ],
          [
            -40.39833952730648,
            -20.34422462332314,
            0
          ],
          [
            -40.39809511051217,
            -20.34485105863103,
            0
          ],
          [
            -40.39801682940048,
            -20.34507293019757,
            0
          ],
          [
            -40.39807461356108,
            -20.34528209131122,
            0
          ],
          [
            -40.39822842530411,
            -20.34556602716097,
            0
          ],
          [
            -40.39826494362346,
            -20.34587965811742,
            0
          ],
          [
            -40.39823123577255,
            -20.34603836169583,
            0
          ],
          [
            -40.39808496090285,
            -20.34613605494437,
            0
          ],
          [
            -40.39794090657767,
            -20.34614891077838,
            0
          ],
          [
            -40.39785365160932,
            -20.34604095285378,
            0
          ],
          [
            -40.39771079342738,
            -20.34604422849473,
            0
          ],
          [
            -40.39703663138513,
            -20.34618135702012,
            0
          ],
          [
            -40.39691133890001,
            -20.34628349407022,
            0
          ],
          [
            -40.39688297720583,
            -20.34633813296037,
            0
          ],
          [
            -40.3965451104734,
            -20.34642030776737,
            0
          ],
          [
            -40.39590996348658,
            -20.34654681676424,
            0
          ],
          [
            -40.39599589942912,
            -20.34628730068371,
            0
          ],
          [
            -40.39605257434002,
            -20.3462309197307,
            0
          ],
          [
            -40.39668291053424,
            -20.34608135009577,
            0
          ]
        ]
      },
      "properties": {
        "data_versao": "07_12_2025",
        "tipo_linha": "Praias",
        "codigo_linha": "513",
        "itinerario": "513I",
        "terminal_origem": "TCG",
        "terminal_destino": "não integrada"
      }
    },
    {
      "type": "Feature",
      "geometry": {
        "type": "LineString",
        "coordinates": [
          [
            -40.3966623517487,
            -20.34608196622075,
            0
          ],
          [
            -40.39734058196384,
            -20.34591583965735,
            0
          ],
          [
            -40.39769081849914,
            -20.34583909311636,
            0
          ],
          [
            -40.39776436904529,
            -20.34579114735664,
            0
          ],
          [
            -40.3977747123207,
            -20.34559483966015,
            0
          ],
          [
            -40.39776752730903,
            -20.34548982693122,
            0
          ],
          [
            -40.39797303134898,
            -20.34491340932234,
            0
          ],
          [
            -40.39854367184773,
            -20.34311199320583,
            0
          ],
          [
            -40.39839952252501,
            -20.34272326310912,
            0
          ],
          [
            -40.39778176756123,
            -20.34210205363969,
            0
          ],
          [
            -40.3968617207959,
            -20.3417155799298,
            0
          ],
          [
            -40.39545658275797,
            -20.34105398812964,
            0
          ],
          [
            -40.39333540511403,
            -20.33957301685472,
            0
          ],
          [
            -40.39091236632491,
            -20.33763031193345,
            0
          ],
          [
            -40.38994770729737,
            -20.33694575059313,
            0
          ],
          [
            -40.38905616914872,
            -20.33666394394384,
            0
          ],
          [
            -40.38821575007082,
            -20.33666478189207,
            0
          ],
          [
            -40.38754045005107,
            -20.33680069645344,
            0
          ],
          [
            -40.38684643674166,
            -20.33713555917726,
            0
          ],
          [
            -40.38649752306448,
            -20.33737079429056,
            0
          ],
          [
            -40.38622895857772,
            -20.33745186324175,
            0
          ],
          [
            -40.38501758873894,
            -20.33811119341901,
            0
          ],
          [
            -40.38465174959021,
            -20.33834449074574,
            0
          ],
          [
            -40.38427454327454,
            -20.3385530339104,
            0
          ],
          [
            -40.38386336503145,
            -20.33869673149122,
            0
          ],
          [
            -40.38354409944562,
            -20.33874524724848,
            0
          ],
          [
            -40.38331379387564,
            -20.33878301737859,
            0
          ],
          [
            -40.38295417503691,
            -20.3388082260221,
            0
          ],
          [
            -40.38274490246066,
            -20.33879354300125,
            0
          ],
          [
            -40.38235642326364,
            -20.33875368629288,
            0
          ],
          [
            -40.38192537035351,
            -20.3386474351028,
            0
          ],
          [
            -40.38159344639004,
            -20.33851662075445,
            0
          ],
          [
            -40.38141756100236,
            -20.33842789825525,
            0
          ],
          [
            -40.3778652619262,
            -20.3362443817144,
            0
          ],
          [
            -40.37631479070686,
            -20.33579789295926,
            0
          ],
          [
            -40.37520518081958,
            -20.33575241817727,
            0
          ],
          [
            -40.37427653215561,
            -20.33569370506376,
            0
          ],
          [
            -40.37328770279211,
            -20.3357158312446,
            0
          ],
          [
            -40.37278404236563,
            -20.33561004177019,
            0
          ],
          [
            -40.37179101254593,
            -20.33528070471883,
            0
          ],
          [
            -40.37079155525768,
            -20.3349193819244,
            0
          ],
          [
            -40.37007930290055,
            -20.33461514465445,
            0
          ],
          [
            -40.36936624260548,
            -20.33422219642356,
            0
          ],
          [
            -40.36817978617786,
            -20.33326066623575,
            0
          ],
          [
            -40.36725051103653,
            -20.33240946712259,
            0
          ],
          [
            -40.36663461179452,
            -20.33185316319965,
            0
          ],
          [
            -40.3663838458297,
            -20.33165641780315,
            0
          ],
          [
            -40.36623674413767,
            -20.33156374132476,
            0
          ],
          [
            -40.36609725062431,
            -20.33150049947223,
            0
          ],
          [
            -40.3659056824303,
            -20.33142342635685,
            0
          ],
          [
            -40.36571895699723,
            -20.33134366255195,
            0
          ],
          [
            -40.36556936089598,
            -20.33128998254698,
            0
          ],
          [
            -40.3653828148891,
            -20.33123117569998,
            0
          ],
          [
            -40.36522138198777,
            -20.33121271426634,
            0
          ],
          [
            -40.36508983702951,
            -20.33118646527871,
            0
          ],
          [
            -40.36487100209854,
            -20.33115873039224,
            0
          ],
          [
            -40.36464364053317,
            -20.33115297330308,
            0
          ],
          [
            -40.36440211544403,
            -20.33113351488453,
            0
          ],
          [
            -40.36405850587356,
            -20.33120873032841,
            0
          ],
          [
            -40.36367258019108,
            -20.33133093839058,
            0
          ],
          [
            -40.36059710520134,
            -20.33301416567945,
            0
          ],
          [
            -40.35980593521471,
            -20.33316973542343,
            0
          ],
          [
            -40.35968374980025,
            -20.33332640922094,
            0
          ],
          [
            -40.35961136517727,
            -20.33333979212988,
            0
          ],
          [
            -40.3593611964117,
            -20.33330256423243,
            0
          ],
          [
            -40.35903532071323,
            -20.33365841198406,
            0
          ],
          [
            -40.35867526441133,
            -20.33407204442066,
            0
          ],
          [
            -40.358691449791,
            -20.33415378128092,
            0
          ],
          [
            -40.35893914840416,
            -20.33433327092853,
            0
          ],
          [
            -40.35896603541087,
            -20.33438296989332,
            0
          ],
          [
            -40.35895171937979,
            -20.33446460126976,
            0
          ],
          [
            -40.35887023226363,
            -20.33469731511386,
            0
          ],
          [
            -40.35805222945285,
            -20.33561207762645,
            0
          ],
          [
            -40.35796526431977,
            -20.33566665842764,
            0
          ],
          [
            -40.35738351380802,
            -20.33523131155585,
            0
          ],
          [
            -40.35686851367635,
            -20.33484130085095,
            0
          ],
          [
            -40.35680265316294,
            -20.3347523891386,
            0
          ],
          [
            -40.35681827660407,
            -20.33348649292222,
            0
          ],
          [
            -40.35682111819403,
            -20.33301692753637,
            0
          ],
          [
            -40.35677507353597,
            -20.33295619163846,
            0
          ],
          [
            -40.35649624110005,
            -20.33290050495492,
            0
          ],
          [
            -40.35540293333403,
            -20.33281037107799,
            0
          ],
          [
            -40.3549838975894,
            -20.33273686699457,
            0
          ],
          [
            -40.35288010437555,
            -20.33219115832896,
            0
          ],
          [
            -40.35260462164229,
            -20.33225438906161,
            0
          ],
          [
            -40.35237928958802,
            -20.3322568010901,
            0
          ],
          [
            -40.35227695243248,
            -20.33214925926743,
            0
          ],
          [
            -40.35226362625379,
            -20.3319937869112,
            0
          ],
          [
            -40.35236520333439,
            -20.33178156700331,
            0
          ],
          [
            -40.35240714084372,
            -20.33163668140637,
            0
          ],
          [
            -40.35234549189897,
            -20.33090203497545,
            0
          ],
          [
            -40.35235377002181,
            -20.33065837719083,
            0
          ],
          [
            -40.35269812853435,
            -20.33064163734555,
            0
          ],
          [
            -40.35322370197696,
            -20.3306214791075,
            0
          ],
          [
            -40.3532185577342,
            -20.33050559227682,
            0
          ],
          [
            -40.35337187710337,
            -20.330506700054,
            0
          ],
          [
            -40.3534696866904,
            -20.33048980479909,
            0
          ],
          [
            -40.35352533907538,
            -20.33040848439736,
            0
          ],
          [
            -40.35347397174203,
            -20.32994152945021,
            0
          ],
          [
            -40.3531674284277,
            -20.3296858981204,
            0
          ],
          [
            -40.35281280719437,
            -20.32973195149335,
            0
          ],
          [
            -40.35248783305754,
            -20.32974627866885,
            0
          ],
          [
            -40.35245213283362,
            -20.32981169487505,
            0
          ],
          [
            -40.3522937843516,
            -20.32981570884876,
            0
          ],
          [
            -40.35236616510245,
            -20.33051454751874,
            0
          ],
          [
            -40.35240985091454,
            -20.3306247977842,
            0
          ],
          [
            -40.35272978819698,
            -20.33066875398299,
            0
          ],
          [
            -40.35326095806789,
            -20.33066846115407,
            0
          ],
          [
            -40.35348519193396,
            -20.33061336880976,
            0
          ],
          [
            -40.3535997731202,
            -20.330499639063,
            0
          ],
          [
            -40.35363784715306,
            -20.33035356597638,
            0
          ],
          [
            -40.35363189069887,
            -20.33014309578363,
            0
          ],
          [
            -40.35356263476479,
            -20.32989268488699,
            0
          ],
          [
            -40.35344076136973,
            -20.32944196066095,
            0
          ],
          [
            -40.35329131597712,
            -20.32908459379463,
            0
          ],
          [
            -40.35291735913242,
            -20.3283814779465,
            0
          ],
          [
            -40.3526924506609,
            -20.32799909270875,
            0
          ],
          [
            -40.35247545121134,
            -20.32772194459139,
            0
          ],
          [
            -40.35220785628118,
            -20.32744251610975,
            0
          ],
          [
            -40.35210391283986,
            -20.32724338483261,
            0
          ],
          [
            -40.35207192918979,
            -20.32699500307134,
            0
          ],
          [
            -40.35201425278205,
            -20.3267941661108,
            0
          ],
          [
            -40.35189843818676,
            -20.32656946468906,
            0
          ],
          [
            -40.35035445601361,
            -20.3239776399977,
            0
          ],
          [
            -40.35023935599907,
            -20.32374797162049,
            0
          ],
          [
            -40.35021070734047,
            -20.32354010524045,
            0
          ],
          [
            -40.35024582870138,
            -20.32331829140385,
            0
          ],
          [
            -40.35042895984016,
            -20.32290349673885,
            0
          ],
          [
            -40.35070582697919,
            -20.32221057035834,
            0
          ],
          [
            -40.35073116647417,
            -20.32204307936939,
            0
          ],
          [
            -40.35082548671153,
            -20.32164776112582,
            0
          ],
          [
            -40.35081166326307,
            -20.32129483713622,
            0
          ],
          [
            -40.35044952844903,
            -20.32072888302137,
            0
          ],
          [
            -40.35035411832848,
            -20.32068020560832,
            0
          ],
          [
            -40.34936411028019,
            -20.32059269031013,
            0
          ],
          [
            -40.34833160078609,
            -20.32055375006827,
            0
          ],
          [
            -40.34801370403057,
            -20.32067618342995,
            0
          ],
          [
            -40.34780445079331,
            -20.3207904845063,
            0
          ],
          [
            -40.34769649485841,
            -20.32085018588184,
            0
          ],
          [
            -40.34736388119448,
            -20.32092569875271,
            0
          ],
          [
            -40.34483912134926,
            -20.32170167549998,
            0
          ],
          [
            -40.34451241695221,
            -20.32171756393548,
            0
          ],
          [
            -40.34423664730652,
            -20.32171515540235,
            0
          ],
          [
            -40.34391149346509,
            -20.32165822005063,
            0
          ],
          [
            -40.34365119662078,
            -20.32163797464503,
            0
          ],
          [
            -40.34295526177419,
            -20.32178308881264,
            0
          ],
          [
            -40.34145693067281,
            -20.32210459088081,
            0
          ],
          [
            -40.34093565110194,
            -20.32214193367771,
            0
          ],
          [
            -40.33981049029219,
            -20.32216185108132,
            0
          ],
          [
            -40.33922137120887,
            -20.32215236595344,
            0
          ],
          [
            -40.33828898205151,
            -20.32199801245036,
            0
          ],
          [
            -40.3378112566557,
            -20.32188002409736,
            0
          ],
          [
            -40.33359716200948,
            -20.32133298439184,
            0
          ],
          [
            -40.33056792422683,
            -20.32098331746622,
            0
          ],
          [
            -40.32851121882609,
            -20.32070320086119,
            0
          ],
          [
            -40.3278256105373,
            -20.3208233976626,
            0
          ],
          [
            -40.32710505213769,
            -20.32108164852031,
            0
          ],
          [
            -40.32631109777082,
            -20.32119833371385,
            0
          ],
          [
            -40.32569248640439,
            -20.3211612956662,
            0
          ],
          [
            -40.32523343483477,
            -20.32089539938981,
            0
          ],
          [
            -40.32479959609489,
            -20.32032330287115,
            0
          ],
          [
            -40.32433446269895,
            -20.31974434227577,
            0
          ],
          [
            -40.32327713350412,
            -20.31899432778179,
            0
          ],
          [
            -40.32228602815847,
            -20.31850005329098,
            0
          ],
          [
            -40.32115240611019,
            -20.31819243460267,
            0
          ],
          [
            -40.32043807377318,
            -20.31805053103737,
            0
          ],
          [
            -40.31972303477547,
            -20.31796136839768,
            0
          ],
          [
            -40.31811495989153,
            -20.31767072130584,
            0
          ],
          [
            -40.31597909812251,
            -20.31731850637548,
            0
          ],
          [
            -40.31477987472754,
            -20.31710881533271,
            0
          ],
          [
            -40.313773897936,
            -20.31696651775061,
            0
          ],
          [
            -40.31327374930127,
            -20.31693437078871,
            0
          ],
          [
            -40.31275741700246,
            -20.31699646972432,
            0
          ],
          [
            -40.31239093352084,
            -20.31707658341462,
            0
          ],
          [
            -40.31184217991735,
            -20.3173093599063,
            0
          ],
          [
            -40.3112448331334,
            -20.31777049237249,
            0
          ],
          [
            -40.3109933054061,
            -20.31796326285972,
            0
          ],
          [
            -40.31064274714314,
            -20.31814217700639,
            0
          ],
          [
            -40.31017441253732,
            -20.31828673695985,
            0
          ],
          [
            -40.30937243780661,
            -20.3183265190723,
            0
          ],
          [
            -40.30860567421269,
            -20.31835682173432,
            0
          ],
          [
            -40.30730931307343,
            -20.31845124210884,
            0
          ],
          [
            -40.30690956414149,
            -20.31845815601366,
            0
          ],
          [
            -40.3066485573115,
            -20.31839919084315,
            0
          ],
          [
            -40.30634203246318,
            -20.31811521912057,
            0
          ],
          [
            -40.30517745597064,
            -20.31691929765277,
            0
          ],
          [
            -40.30415937165714,
            -20.31590301514057,
            0
          ],
          [
            -40.30393312596998,
            -20.31575080630128,
            0
          ],
          [
            -40.30359071417009,
            -20.3156656596254,
            0
          ],
          [
            -40.30243880577132,
            -20.31550723915026,
            0
          ],
          [
            -40.30203840667892,
            -20.31548102414056,
            0
          ],
          [
            -40.30182069708501,
            -20.31553019800727,
            0
          ],
          [
            -40.30164835965852,
            -20.31561020235093,
            0
          ],
          [
            -40.30138824499744,
            -20.31576273764143,
            0
          ],
          [
            -40.30101491605388,
            -20.31592750514443,
            0
          ],
          [
            -40.29979396020532,
            -20.31633054182158,
            0
          ],
          [
            -40.29955734161177,
            -20.3164276514784,
            0
          ],
          [
            -40.29926598828701,
            -20.31648208472027,
            0
          ],
          [
            -40.29891205004101,
            -20.3164926375486,
            0
          ],
          [
            -40.29851513405426,
            -20.31646219148166,
            0
          ],
          [
            -40.29814347488144,
            -20.31634447144031,
            0
          ],
          [
            -40.29778591823442,
            -20.3162948187272,
            0
          ],
          [
            -40.29637763063237,
            -20.31627516877966,
            0
          ],
          [
            -40.29355677221823,
            -20.31627186922464,
            0
          ],
          [
            -40.29296670600743,
            -20.31622594280445,
            0
          ],
          [
            -40.29260987665433,
            -20.31615181882627,
            0
          ],
          [
            -40.29213355326653,
            -20.31588858415265,
            0
          ],
          [
            -40.29178630790212,
            -20.31561035328058,
            0
          ],
          [
            -40.29141997586366,
            -20.31517666098361,
            0
          ],
          [
            -40.29082172767649,
            -20.31441421791693,
            0
          ],
          [
            -40.29018418591219,
            -20.31364768656054,
            0
          ],
          [
            -40.28983905618298,
            -20.31326236654478,
            0
          ],
          [
            -40.28948958040332,
            -20.31282161549321,
            0
          ],
          [
            -40.28928933943206,
            -20.31244962121035,
            0
          ],
          [
            -40.28919424805782,
            -20.31218299511604,
            0
          ],
          [
            -40.28913242878103,
            -20.31168814513208,
            0
          ],
          [
            -40.28916735132381,
            -20.31124965896435,
            0
          ],
          [
            -40.28932518856552,
            -20.31080461914282,
            0
          ],
          [
            -40.28952201850422,
            -20.31048678957406,
            0
          ],
          [
            -40.29020996272693,
            -20.30967539019858,
            0
          ],
          [
            -40.29082575960086,
            -20.30891094899281,
            0
          ],
          [
            -40.29116726209102,
            -20.30844656424757,
            0
          ],
          [
            -40.29129480430311,
            -20.30821866065253,
            0
          ],
          [
            -40.29149737183165,
            -20.30774135863565,
            0
          ],
          [
            -40.29172432755203,
            -20.30708329931073,
            0
          ],
          [
            -40.29183526517249,
            -20.30663448762632,
            0
          ],
          [
            -40.29193110287692,
            -20.30599742322513,
            0
          ],
          [
            -40.291948906885,
            -20.30538546974063,
            0
          ],
          [
            -40.29192761075368,
            -20.30485599023845,
            0
          ],
          [
            -40.29185061623008,
            -20.30424969724182,
            0
          ],
          [
            -40.29167505707606,
            -20.30352990306767,
            0
          ],
          [
            -40.29156422382796,
            -20.303134299739,
            0
          ],
          [
            -40.29151786833126,
            -20.30276848103936,
            0
          ],
          [
            -40.29161783294107,
            -20.30231674050974,
            0
          ],
          [
            -40.29165985404109,
            -20.3020064443352,
            0
          ],
          [
            -40.29167701128701,
            -20.30152727923429,
            0
          ],
          [
            -40.29194889943388,
            -20.30061119314964,
            0
          ],
          [
            -40.29207765368732,
            -20.30014497936188,
            0
          ],
          [
            -40.29211528342512,
            -20.2996645533139,
            0
          ],
          [
            -40.29208775452626,
            -20.29928081241183,
            0
          ],
          [
            -40.29198425262218,
            -20.29890680039875,
            0
          ],
          [
            -40.29176562091593,
            -20.2985495473053,
            0
          ],
          [
            -40.29156240581168,
            -20.29827513593747,
            0
          ],
          [
            -40.29150123734546,
            -20.29806758497691,
            0
          ],
          [
            -40.29137758811165,
            -20.29765419146678,
            0
          ],
          [
            -40.29120691186083,
            -20.29735251565972,
            0
          ],
          [
            -40.29089418621521,
            -20.29696707044781,
            0
          ],
          [
            -40.28954329829602,
            -20.29520605861117,
            0
          ],
          [
            -40.28932521880677,
            -20.29477377174938,
            0
          ],
          [
            -40.28912809881773,
            -20.29419279933736,
            0
          ],
          [
            -40.28906692791141,
            -20.29398991430749,
            0
          ],
          [
            -40.28906287447864,
            -20.29369090029103,
            0
          ],
          [
            -40.28910454501858,
            -20.29341554259771,
            0
          ],
          [
            -40.28956662999584,
            -20.29252428847796,
            0
          ],
          [
            -40.2899489631351,
            -20.29185292345531,
            0
          ],
          [
            -40.29014714877931,
            -20.29140038445207,
            0
          ],
          [
            -40.2902910519472,
            -20.29084591682153,
            0
          ],
          [
            -40.29082726626142,
            -20.2883033842804,
            0
          ],
          [
            -40.29089941801068,
            -20.28787842765159,
            0
          ],
          [
            -40.29089496387746,
            -20.28742312486325,
            0
          ],
          [
            -40.2908712792825,
            -20.28704630274698,
            0
          ],
          [
            -40.29080168450547,
            -20.28623943344944,
            0
          ],
          [
            -40.29068454106575,
            -20.28554741117947,
            0
          ],
          [
            -40.29050260218909,
            -20.28491013455502,
            0
          ],
          [
            -40.29022180730807,
            -20.28424079218727,
            0
          ],
          [
            -40.28990586482382,
            -20.28366922845693,
            0
          ],
          [
            -40.28944048480166,
            -20.28285110956918,
            0
          ],
          [
            -40.28909469638288,
            -20.28223054666972,
            0
          ],
          [
            -40.28845560580505,
            -20.28114403911236,
            0
          ],
          [
            -40.28793436785148,
            -20.28023965078942,
            0
          ],
          [
            -40.28759178528281,
            -20.27971004741944,
            0
          ],
          [
            -40.28704189354745,
            -20.2791362023232,
            0
          ],
          [
            -40.28526459497996,
            -20.27732545543182,
            0
          ],
          [
            -40.28441617649577,
            -20.27659148371152,
            0
          ],
          [
            -40.28352527331725,
            -20.27585156381503,
            0
          ],
          [
            -40.28280919023093,
            -20.27532416164416,
            0
          ],
          [
            -40.28060419496583,
            -20.27362328964465,
            0
          ],
          [
            -40.27951985036634,
            -20.2727180250654,
            0
          ],
          [
            -40.27912745338742,
            -20.27239367895098,
            0
          ],
          [
            -40.27814500683629,
            -20.27174483907091,
            0
          ],
          [
            -40.27669393039302,
            -20.27087820730108,
            0
          ],
          [
            -40.27527738870956,
            -20.2700163455273,
            0
          ],
          [
            -40.27456221737085,
            -20.26955326197781,
            0
          ],
          [
            -40.27383367993203,
            -20.26912960424962,
            0
          ],
          [
            -40.27285050250772,
            -20.26858992125392,
            0
          ],
          [
            -40.27165623475861,
            -20.26790383064238,
            0
          ],
          [
            -40.27094123689043,
            -20.2675233352945,
            0
          ],
          [
            -40.27021224758371,
            -20.26712105271148,
            0
          ],
          [
            -40.26960807600964,
            -20.26690967350103,
            0
          ],
          [
            -40.26845330156881,
            -20.26642267881501,
            0
          ],
          [
            -40.26750740738819,
            -20.26603727467611,
            0
          ],
          [
            -40.2667452547356,
            -20.26578277393611,
            0
          ],
          [
            -40.26550913270706,
            -20.2654306902451,
            0
          ],
          [
            -40.26427769642851,
            -20.26507049599449,
            0
          ],
          [
            -40.26359310261213,
            -20.264851681059,
            0
          ],
          [
            -40.26316096569821,
            -20.26474134145726,
            0
          ],
          [
            -40.26258504339636,
            -20.26460940054997,
            0
          ],
          [
            -40.26196601029075,
            -20.26463578736342,
            0
          ],
          [
            -40.26158653917021,
            -20.26468785894319,
            0
          ],
          [
            -40.26140460540758,
            -20.2647242161496,
            0
          ],
          [
            -40.26123435698283,
            -20.26467128960572,
            0
          ],
          [
            -40.26107823486024,
            -20.26453532298458,
            0
          ],
          [
            -40.26104134015666,
            -20.2643753979363,
            0
          ],
          [
            -40.26102318806425,
            -20.26419003368059,
            0
          ],
          [
            -40.26105302682479,
            -20.26409241641657,
            0
          ],
          [
            -40.26110750426773,
            -20.26400566592152,
            0
          ],
          [
            -40.26354098961442,
            -20.26464066473666,
            0
          ],
          [
            -40.26358679096149,
            -20.26361502019748,
            0
          ],
          [
            -40.26366215110787,
            -20.26183186927205,
            0
          ],
          [
            -40.26389354841007,
            -20.25686653413833,
            0
          ],
          [
            -40.26398023963434,
            -20.25482995080283,
            0
          ],
          [
            -40.26396119899172,
            -20.25457202545955,
            0
          ],
          [
            -40.26382837128482,
            -20.25432767984669,
            0
          ],
          [
            -40.26358216738554,
            -20.25406686644687,
            0
          ],
          [
            -40.26342514097762,
            -20.2538903154593,
            0
          ],
          [
            -40.26340240673637,
            -20.25375380265277,
            0
          ],
          [
            -40.26342152335558,
            -20.25361467037636,
            0
          ],
          [
            -40.2643368476971,
            -20.25181246852744,
            0
          ],
          [
            -40.26573230276547,
            -20.24908665655013,
            0
          ],
          [
            -40.26663731962321,
            -20.2472796805741,
            0
          ],
          [
            -40.26796337638634,
            -20.24471403169997,
            0
          ],
          [
            -40.26844218061216,
            -20.24376129344243,
            0
          ],
          [
            -40.26855605729031,
            -20.24360548588676,
            0
          ],
          [
            -40.26898599809145,
            -20.24324153406038,
            0
          ],
          [
            -40.27069379201745,
            -20.2419127068512,
            0
          ],
          [
            -40.27125851236071,
            -20.2414578877051,
            0
          ],
          [
            -40.27189584639462,
            -20.24110159299954,
            0
          ],
          [
            -40.27241261996691,
            -20.24082749293915,
            0
          ],
          [
            -40.27273762758162,
            -20.24066083005546,
            0
          ],
          [
            -40.27290008663769,
            -20.24055228108199,
            0
          ],
          [
            -40.27293193682837,
            -20.24045932721032,
            0
          ],
          [
            -40.2716816150457,
            -20.23943933361163,
            0
          ],
          [
            -40.27159431949065,
            -20.23921765704618,
            0
          ],
          [
            -40.27158585033549,
            -20.2389844742097,
            0
          ],
          [
            -40.27162976546991,
            -20.23884312244105,
            0
          ],
          [
            -40.27211109245363,
            -20.2380434675323,
            0
          ],
          [
            -40.27239843839687,
            -20.23757789351528,
            0
          ],
          [
            -40.27250303520819,
            -20.23730317544329,
            0
          ],
          [
            -40.27253456482529,
            -20.2370205279158,
            0
          ],
          [
            -40.27249165237483,
            -20.23676809571735,
            0
          ],
          [
            -40.27235340079128,
            -20.23650606675988,
            0
          ],
          [
            -40.27195328572376,
            -20.23587501236379,
            0
          ],
          [
            -40.27164843552953,
            -20.23530494779849,
            0
          ],
          [
            -40.27155455905492,
            -20.23504579501442,
            0
          ],
          [
            -40.27146334197306,
            -20.23435873913326,
            0
          ],
          [
            -40.27141848837255,
            -20.23410618049679,
            0
          ],
          [
            -40.27133555211479,
            -20.23390229792081,
            0
          ],
          [
            -40.26982989908898,
            -20.23148740041145,
            0
          ],
          [
            -40.26984236357652,
            -20.23132794914645,
            0
          ],
          [
            -40.27009648391589,
            -20.23056956556673,
            0
          ]
        ]
      },
      "properties": {
        "data_versao": "07_12_2025",
        "tipo_linha": "Praias",
        "codigo_linha": "513",
        "itinerario": "513V",
        "terminal_origem": "TCG",
        "terminal_destino": "não integrada"
      }
    },
    {
      "type": "Feature",
      "geometry": {
        "type": "LineString",
        "coordinates": [
          [
            -40.3966623517487,
            -20.34608196622075,
            0
          ],
          [
            -40.39734058196384,
            -20.34591583965735,
            0
          ],
          [
            -40.39769081849914,
            -20.34583909311636,
            0
          ],
          [
            -40.39776436904529,
            -20.34579114735664,
            0
          ],
          [
            -40.3977747123207,
            -20.34559483966015,
            0
          ],
          [
            -40.39776752730903,
            -20.34548982693122,
            0
          ],
          [
            -40.39797303134898,
            -20.34491340932234,
            0
          ],
          [
            -40.39854367184773,
            -20.34311199320583,
            0
          ],
          [
            -40.39839952252501,
            -20.34272326310912,
            0
          ],
          [
            -40.39778176756123,
            -20.34210205363969,
            0
          ],
          [
            -40.3968617207959,
            -20.3417155799298,
            0
          ],
          [
            -40.39545658275797,
            -20.34105398812964,
            0
          ],
          [
            -40.39333540511403,
            -20.33957301685472,
            0
          ],
          [
            -40.39091236632491,
            -20.33763031193345,
            0
          ],
          [
            -40.38994770729737,
            -20.33694575059313,
            0
          ],
          [
            -40.38905616914872,
            -20.33666394394384,
            0
          ],
          [
            -40.38821575007082,
            -20.33666478189207,
            0
          ],
          [
            -40.38754045005107,
            -20.33680069645344,
            0
          ],
          [
            -40.38684643674166,
            -20.33713555917726,
            0
          ],
          [
            -40.38649752306448,
            -20.33737079429056,
            0
          ],
          [
            -40.38622895857772,
            -20.33745186324175,
            0
          ],
          [
            -40.38501758873894,
            -20.33811119341901,
            0
          ],
          [
            -40.38465174959021,
            -20.33834449074574,
            0
          ],
          [
            -40.38427454327454,
            -20.3385530339104,
            0
          ],
          [
            -40.38386336503145,
            -20.33869673149122,
            0
          ],
          [
            -40.38354409944562,
            -20.33874524724848,
            0
          ],
          [
            -40.38331379387564,
            -20.33878301737859,
            0
          ],
          [
            -40.38295417503691,
            -20.3388082260221,
            0
          ],
          [
            -40.38274490246066,
            -20.33879354300125,
            0
          ],
          [
            -40.38235642326364,
            -20.33875368629288,
            0
          ],
          [
            -40.38192537035351,
            -20.3386474351028,
            0
          ],
          [
            -40.38159344639004,
            -20.33851662075445,
            0
          ],
          [
            -40.38141756100236,
            -20.33842789825525,
            0
          ],
          [
            -40.3778652619262,
            -20.3362443817144,
            0
          ],
          [
            -40.37631479070686,
            -20.33579789295926,
            0
          ],
          [
            -40.37520518081958,
            -20.33575241817727,
            0
          ],
          [
            -40.37427653215561,
            -20.33569370506376,
            0
          ],
          [
            -40.37328770279211,
            -20.3357158312446,
            0
          ],
          [
            -40.37278404236563,
            -20.33561004177019,
            0
          ],
          [
            -40.37179101254593,
            -20.33528070471883,
            0
          ],
          [
            -40.37079155525768,
            -20.3349193819244,
            0
          ],
          [
            -40.37007930290055,
            -20.33461514465445,
            0
          ],
          [
            -40.36936624260548,
            -20.33422219642356,
            0
          ],
          [
            -40.36817978617786,
            -20.33326066623575,
            0
          ],
          [
            -40.36725051103653,
            -20.33240946712259,
            0
          ],
          [
            -40.36663461179452,
            -20.33185316319965,
            0
          ],
          [
            -40.3663838458297,
            -20.33165641780315,
            0
          ],
          [
            -40.36623674413767,
            -20.33156374132476,
            0
          ],
          [
            -40.36609725062431,
            -20.33150049947223,
            0
          ],
          [
            -40.3659056824303,
            -20.33142342635685,
            0
          ],
          [
            -40.36571895699723,
            -20.33134366255195,
            0
          ],
          [
            -40.36556936089598,
            -20.33128998254698,
            0
          ],
          [
            -40.3653828148891,
            -20.33123117569998,
            0
          ],
          [
            -40.36522138198777,
            -20.33121271426634,
            0
          ],
          [
            -40.36508983702951,
            -20.33118646527871,
            0
          ],
          [
            -40.36487100209854,
            -20.33115873039224,
            0
          ],
          [
            -40.36464364053317,
            -20.33115297330308,
            0
          ],
          [
            -40.36440211544403,
            -20.33113351488453,
            0
          ],
          [
            -40.36405850587356,
            -20.33120873032841,
            0
          ],
          [
            -40.36367258019108,
            -20.33133093839058,
            0
          ],
          [
            -40.36059710520134,
            -20.33301416567945,
            0
          ],
          [
            -40.35980593521471,
            -20.33316973542343,
            0
          ],
          [
            -40.35968374980025,
            -20.33332640922094,
            0
          ],
          [
            -40.35961136517727,
            -20.33333979212988,
            0
          ],
          [
            -40.3593611964117,
            -20.33330256423243,
            0
          ],
          [
            -40.35903532071323,
            -20.33365841198406,
            0
          ],
          [
            -40.35867526441133,
            -20.33407204442066,
            0
          ],
          [
            -40.358691449791,
            -20.33415378128092,
            0
          ],
          [
            -40.35893914840416,
            -20.33433327092853,
            0
          ],
          [
            -40.35896603541087,
            -20.33438296989332,
            0
          ],
          [
            -40.35895171937979,
            -20.33446460126976,
            0
          ],
          [
            -40.35887023226363,
            -20.33469731511386,
            0
          ],
          [
            -40.35805222945285,
            -20.33561207762645,
            0
          ],
          [
            -40.35796526431977,
            -20.33566665842764,
            0
          ],
          [
            -40.35738351380802,
            -20.33523131155585,
            0
          ],
          [
            -40.35686851367635,
            -20.33484130085095,
            0
          ],
          [
            -40.35680265316294,
            -20.3347523891386,
            0
          ],
          [
            -40.35681827660407,
            -20.33348649292222,
            0
          ],
          [
            -40.35682111819403,
            -20.33301692753637,
            0
          ],
          [
            -40.35677507353597,
            -20.33295619163846,
            0
          ],
          [
            -40.35649624110005,
            -20.33290050495492,
            0
          ],
          [
            -40.35540293333403,
            -20.33281037107799,
            0
          ],
          [
            -40.3549838975894,
            -20.33273686699457,
            0
          ],
          [
            -40.35288010437555,
            -20.33219115832896,
            0
          ],
          [
            -40.35260462164229,
            -20.33225438906161,
            0
          ],
          [
            -40.35237928958802,
            -20.3322568010901,
            0
          ],
          [
            -40.35227695243248,
            -20.33214925926743,
            0
          ],
          [
            -40.35226362625379,
            -20.3319937869112,
            0
          ],
          [
            -40.35236520333439,
            -20.33178156700331,
            0
          ],
          [
            -40.35240714084372,
            -20.33163668140637,
            0
          ],
          [
            -40.35234549189897,
            -20.33090203497545,
            0
          ],
          [
            -40.35235377002181,
            -20.33065837719083,
            0
          ],
          [
            -40.35269812853435,
            -20.33064163734555,
            0
          ],
          [
            -40.35322370197696,
            -20.3306214791075,
            0
          ],
          [
            -40.3532185577342,
            -20.33050559227682,
            0
          ],
          [
            -40.35337187710337,
            -20.330506700054,
            0
          ],
          [
            -40.3534696866904,
            -20.33048980479909,
            0
          ],
          [
            -40.35352533907538,
            -20.33040848439736,
            0
          ],
          [
            -40.35347397174203,
            -20.32994152945021,
            0
          ],
          [
            -40.3531674284277,
            -20.3296858981204,
            0
          ],
          [
            -40.35281280719437,
            -20.32973195149335,
            0
          ],
          [
            -40.35248783305754,
            -20.32974627866885,
            0
          ],
          [
            -40.35245213283362,
            -20.32981169487505,
            0
          ],
          [
            -40.3522937843516,
            -20.32981570884876,
            0
          ],
          [
            -40.35236616510245,
            -20.33051454751874,
            0
          ],
          [
            -40.35240985091454,
            -20.3306247977842,
            0
          ],
          [
            -40.35272978819698,
            -20.33066875398299,
            0
          ],
          [
            -40.35326095806789,
            -20.33066846115407,
            0
          ],
          [
            -40.35348519193396,
            -20.33061336880976,
            0
          ],
          [
            -40.3535997731202,
            -20.330499639063,
            0
          ],
          [
            -40.35363784715306,
            -20.33035356597638,
            0
          ],
          [
            -40.35363189069887,
            -20.33014309578363,
            0
          ],
          [
            -40.35356263476479,
            -20.32989268488699,
            0
          ],
          [
            -40.35344076136973,
            -20.32944196066095,
            0
          ],
          [
            -40.35329131597712,
            -20.32908459379463,
            0
          ],
          [
            -40.35291735913242,
            -20.3283814779465,
            0
          ],
          [
            -40.3526924506609,
            -20.32799909270875,
            0
          ],
          [
            -40.35247545121134,
            -20.32772194459139,
            0
          ],
          [
            -40.35220785628118,
            -20.32744251610975,
            0
          ],
          [
            -40.35210391283986,
            -20.32724338483261,
            0
          ],
          [
            -40.35207192918979,
            -20.32699500307134,
            0
          ],
          [
            -40.35201425278205,
            -20.3267941661108,
            0
          ],
          [
            -40.35189843818676,
            -20.32656946468906,
            0
          ],
          [
            -40.35035445601361,
            -20.3239776399977,
            0
          ],
          [
            -40.35023935599907,
            -20.32374797162049,
            0
          ],
          [
            -40.35021070734047,
            -20.32354010524045,
            0
          ],
          [
            -40.35024582870138,
            -20.32331829140385,
            0
          ],
          [
            -40.35042895984016,
            -20.32290349673885,
            0
          ],
          [
            -40.35070582697919,
            -20.32221057035834,
            0
          ],
          [
            -40.35073116647417,
            -20.32204307936939,
            0
          ],
          [
            -40.35082548671153,
            -20.32164776112582,
            0
          ],
          [
            -40.35081166326307,
            -20.32129483713622,
            0
          ],
          [
            -40.35044952844903,
            -20.32072888302137,
            0
          ],
          [
            -40.35035411832848,
            -20.32068020560832,
            0
          ],
          [
            -40.34936411028019,
            -20.32059269031013,
            0
          ],
          [
            -40.34833160078609,
            -20.32055375006827,
            0
          ],
          [
            -40.34801370403057,
            -20.32067618342995,
            0
          ],
          [
            -40.34780445079331,
            -20.3207904845063,
            0
          ],
          [
            -40.34769649485841,
            -20.32085018588184,
            0
          ],
          [
            -40.34736388119448,
            -20.32092569875271,
            0
          ],
          [
            -40.34483912134926,
            -20.32170167549998,
            0
          ],
          [
            -40.34451241695221,
            -20.32171756393548,
            0
          ],
          [
            -40.34423664730652,
            -20.32171515540235,
            0
          ],
          [
            -40.34391149346509,
            -20.32165822005063,
            0
          ],
          [
            -40.34365119662078,
            -20.32163797464503,
            0
          ],
          [
            -40.34295526177419,
            -20.32178308881264,
            0
          ],
          [
            -40.34145693067281,
            -20.32210459088081,
            0
          ],
          [
            -40.34093565110194,
            -20.32214193367771,
            0
          ],
          [
            -40.33981049029219,
            -20.32216185108132,
            0
          ],
          [
            -40.33922137120887,
            -20.32215236595344,
            0
          ],
          [
            -40.33828898205151,
            -20.32199801245036,
            0
          ],
          [
            -40.3338910491164,
            -20.3205903991896,
            0
          ],
          [
            -40.33313921800055,
            -20.32028966358281,
            0
          ],
          [
            -40.33210387601628,
            -20.32001196958941,
            0
          ],
          [
            -40.33005777866778,
            -20.31969597235107,
            0
          ],
          [
            -40.32923298240181,
            -20.31956574220268,
            0
          ],
          [
            -40.32881014822476,
            -20.31961762350427,
            0
          ],
          [
            -40.32847738990284,
            -20.3197670305976,
            0
          ],
          [
            -40.32769560757173,
            -20.32029331218063,
            0
          ],
          [
            -40.32716869828249,
            -20.32064416403274,
            0
          ],
          [
            -40.32682900717622,
            -20.32078056760857,
            0
          ],
          [
            -40.3264685434381,
            -20.3208454639718,
            0
          ],
          [
            -40.32624675428902,
            -20.32078039833675,
            0
          ],
          [
            -40.32608736245457,
            -20.32067634994392,
            0
          ],
          [
            -40.32587254866383,
            -20.32048128327809,
            0
          ],
          [
            -40.32581027077011,
            -20.32016925930606,
            0
          ],
          [
            -40.32574106253595,
            -20.31985073296971,
            0
          ],
          [
            -40.3256094255194,
            -20.3196621898345,
            0
          ],
          [
            -40.32500221175442,
            -20.31900210888408,
            0
          ],
          [
            -40.32496764840976,
            -20.31872909530797,
            0
          ],
          [
            -40.32494002283812,
            -20.31843658330356,
            0
          ],
          [
            -40.32480841010548,
            -20.31818953945913,
            0
          ],
          [
            -40.32336638076101,
            -20.31628190153304,
            0
          ],
          [
            -40.32149682374835,
            -20.31378037895923,
            0
          ],
          [
            -40.32133743303641,
            -20.31370232439924,
            0
          ],
          [
            -40.32112251924844,
            -20.31382575544738,
            0
          ],
          [
            -40.32081058989957,
            -20.31388415233764,
            0
          ],
          [
            -40.32042939215792,
            -20.31381252141023,
            0
          ],
          [
            -40.32024222167001,
            -20.31387745947182,
            0
          ],
          [
            -40.3195282058652,
            -20.31791553018207,
            0
          ],
          [
            -40.31811495989153,
            -20.31767072130584,
            0
          ],
          [
            -40.31597909812251,
            -20.31731850637548,
            0
          ],
          [
            -40.31477987472754,
            -20.31710881533271,
            0
          ],
          [
            -40.313773897936,
            -20.31696651775061,
            0
          ],
          [
            -40.31327374930127,
            -20.31693437078871,
            0
          ],
          [
            -40.31275741700246,
            -20.31699646972432,
            0
          ],
          [
            -40.31239093352084,
            -20.31707658341462,
            0
          ],
          [
            -40.31184217991735,
            -20.3173093599063,
            0
          ],
          [
            -40.3112448331334,
            -20.31777049237249,
            0
          ],
          [
            -40.3109933054061,
            -20.31796326285972,
            0
          ],
          [
            -40.31064274714314,
            -20.31814217700639,
            0
          ],
          [
            -40.31017441253732,
            -20.31828673695985,
            0
          ],
          [
            -40.30937243780661,
            -20.3183265190723,
            0
          ],
          [
            -40.30860567421269,
            -20.31835682173432,
            0
          ],
          [
            -40.30730931307343,
            -20.31845124210884,
            0
          ],
          [
            -40.30690956414149,
            -20.31845815601366,
            0
          ],
          [
            -40.3066485573115,
            -20.31839919084315,
            0
          ],
          [
            -40.30634203246318,
            -20.31811521912057,
            0
          ],
          [
            -40.30517745597064,
            -20.31691929765277,
            0
          ],
          [
            -40.30415937165714,
            -20.31590301514057,
            0
          ],
          [
            -40.30393312596998,
            -20.31575080630128,
            0
          ],
          [
            -40.30359071417009,
            -20.3156656596254,
            0
          ],
          [
            -40.30243880577132,
            -20.31550723915026,
            0
          ],
          [
            -40.30203840667892,
            -20.31548102414056,
            0
          ],
          [
            -40.30182069708501,
            -20.31553019800727,
            0
          ],
          [
            -40.30164835965852,
            -20.31561020235093,
            0
          ],
          [
            -40.30138824499744,
            -20.31576273764143,
            0
          ],
          [
            -40.30101491605388,
            -20.31592750514443,
            0
          ],
          [
            -40.29979396020532,
            -20.31633054182158,
            0
          ],
          [
            -40.29955734161177,
            -20.3164276514784,
            0
          ],
          [
            -40.29926598828701,
            -20.31648208472027,
            0
          ],
          [
            -40.29891205004101,
            -20.3164926375486,
            0
          ],
          [
            -40.29851513405426,
            -20.31646219148166,
            0
          ],
          [
            -40.29814347488144,
            -20.31634447144031,
            0
          ],
          [
            -40.29778591823442,
            -20.3162948187272,
            0
          ],
          [
            -40.29637763063237,
            -20.31627516877966,
            0
          ],
          [
            -40.29355677221823,
            -20.31627186922464,
            0
          ],
          [
            -40.29296670600743,
            -20.31622594280445,
            0
          ],
          [
            -40.29260987665433,
            -20.31615181882627,
            0
          ],
          [
            -40.29213355326653,
            -20.31588858415265,
            0
          ],
          [
            -40.29178630790212,
            -20.31561035328058,
            0
          ],
          [
            -40.29141997586366,
            -20.31517666098361,
            0
          ],
          [
            -40.29082172767649,
            -20.31441421791693,
            0
          ],
          [
            -40.29018418591219,
            -20.31364768656054,
            0
          ],
          [
            -40.28983905618298,
            -20.31326236654478,
            0
          ],
          [
            -40.28948958040332,
            -20.31282161549321,
            0
          ],
          [
            -40.28928933943206,
            -20.31244962121035,
            0
          ],
          [
            -40.28919424805782,
            -20.31218299511604,
            0
          ],
          [
            -40.28913242878103,
            -20.31168814513208,
            0
          ],
          [
            -40.28916735132381,
            -20.31124965896435,
            0
          ],
          [
            -40.28932518856552,
            -20.31080461914282,
            0
          ],
          [
            -40.28952201850422,
            -20.31048678957406,
            0
          ],
          [
            -40.29020996272693,
            -20.30967539019858,
            0
          ],
          [
            -40.29082575960086,
            -20.30891094899281,
            0
          ],
          [
            -40.29116726209102,
            -20.30844656424757,
            0
          ],
          [
            -40.29129480430311,
            -20.30821866065253,
            0
          ],
          [
            -40.29149737183165,
            -20.30774135863565,
            0
          ],
          [
            -40.29172432755203,
            -20.30708329931073,
            0
          ],
          [
            -40.29183526517249,
            -20.30663448762632,
            0
          ],
          [
            -40.29193110287692,
            -20.30599742322513,
            0
          ],
          [
            -40.291948906885,
            -20.30538546974063,
            0
          ],
          [
            -40.29192761075368,
            -20.30485599023845,
            0
          ],
          [
            -40.29185061623008,
            -20.30424969724182,
            0
          ],
          [
            -40.29167505707606,
            -20.30352990306767,
            0
          ],
          [
            -40.29156422382796,
            -20.303134299739,
            0
          ],
          [
            -40.29151786833126,
            -20.30276848103936,
            0
          ],
          [
            -40.29161783294107,
            -20.30231674050974,
            0
          ],
          [
            -40.29165985404109,
            -20.3020064443352,
            0
          ],
          [
            -40.29167701128701,
            -20.30152727923429,
            0
          ],
          [
            -40.29194889943388,
            -20.30061119314964,
            0
          ],
          [
            -40.29207765368732,
            -20.30014497936188,
            0
          ],
          [
            -40.29211528342512,
            -20.2996645533139,
            0
          ],
          [
            -40.29208775452626,
            -20.29928081241183,
            0
          ],
          [
            -40.29198425262218,
            -20.29890680039875,
            0
          ],
          [
            -40.29176562091593,
            -20.2985495473053,
            0
          ],
          [
            -40.29156240581168,
            -20.29827513593747,
            0
          ],
          [
            -40.29150123734546,
            -20.29806758497691,
            0
          ],
          [
            -40.29137758811165,
            -20.29765419146678,
            0
          ],
          [
            -40.29120691186083,
            -20.29735251565972,
            0
          ],
          [
            -40.29089418621521,
            -20.29696707044781,
            0
          ],
          [
            -40.28954329829602,
            -20.29520605861117,
            0
          ],
          [
            -40.28932521880677,
            -20.29477377174938,
            0
          ],
          [
            -40.28912809881773,
            -20.29419279933736,
            0
          ],
          [
            -40.28906692791141,
            -20.29398991430749,
            0
          ],
          [
            -40.28906287447864,
            -20.29369090029103,
            0
          ],
          [
            -40.28910454501858,
            -20.29341554259771,
            0
          ],
          [
            -40.28956662999584,
            -20.29252428847796,
            0
          ],
          [
            -40.2899489631351,
            -20.29185292345531,
            0
          ],
          [
            -40.29014714877931,
            -20.29140038445207,
            0
          ],
          [
            -40.2902910519472,
            -20.29084591682153,
            0
          ],
          [
            -40.29082726626142,
            -20.2883033842804,
            0
          ],
          [
            -40.29089941801068,
            -20.28787842765159,
            0
          ],
          [
            -40.29089496387746,
            -20.28742312486325,
            0
          ],
          [
            -40.2908712792825,
            -20.28704630274698,
            0
          ],
          [
            -40.29080168450547,
            -20.28623943344944,
            0
          ],
          [
            -40.29068454106575,
            -20.28554741117947,
            0
          ],
          [
            -40.29050260218909,
            -20.28491013455502,
            0
          ],
          [
            -40.29022180730807,
            -20.28424079218727,
            0
          ],
          [
            -40.28990586482382,
            -20.28366922845693,
            0
          ],
          [
            -40.28944048480166,
            -20.28285110956918,
            0
          ],
          [
            -40.28909469638288,
            -20.28223054666972,
            0
          ],
          [
            -40.28845560580505,
            -20.28114403911236,
            0
          ],
          [
            -40.28793436785148,
            -20.28023965078942,
            0
          ],
          [
            -40.28759178528281,
            -20.27971004741944,
            0
          ],
          [
            -40.28704189354745,
            -20.2791362023232,
            0
          ],
          [
            -40.28526459497996,
            -20.27732545543182,
            0
          ],
          [
            -40.28441617649577,
            -20.27659148371152,
            0
          ],
          [
            -40.28352527331725,
            -20.27585156381503,
            0
          ],
          [
            -40.28280919023093,
            -20.27532416164416,
            0
          ],
          [
            -40.28060419496583,
            -20.27362328964465,
            0
          ],
          [
            -40.27951985036634,
            -20.2727180250654,
            0
          ],
          [
            -40.27912745338742,
            -20.27239367895098,
            0
          ],
          [
            -40.27814500683629,
            -20.27174483907091,
            0
          ],
          [
            -40.27669393039302,
            -20.27087820730108,
            0
          ],
          [
            -40.27527738870956,
            -20.2700163455273,
            0
          ],
          [
            -40.27456221737085,
            -20.26955326197781,
            0
          ],
          [
            -40.27383367993203,
            -20.26912960424962,
            0
          ],
          [
            -40.27285050250772,
            -20.26858992125392,
            0
          ],
          [
            -40.27165623475861,
            -20.26790383064238,
            0
          ],
          [
            -40.27094123689043,
            -20.2675233352945,
            0
          ],
          [
            -40.27021224758371,
            -20.26712105271148,
            0
          ],
          [
            -40.26960807600964,
            -20.26690967350103,
            0
          ],
          [
            -40.26845330156881,
            -20.26642267881501,
            0
          ],
          [
            -40.26750740738819,
            -20.26603727467611,
            0
          ],
          [
            -40.2667452547356,
            -20.26578277393611,
            0
          ],
          [
            -40.26550913270706,
            -20.2654306902451,
            0
          ],
          [
            -40.26427769642851,
            -20.26507049599449,
            0
          ],
          [
            -40.26359310261213,
            -20.264851681059,
            0
          ],
          [
            -40.26316096569821,
            -20.26474134145726,
            0
          ],
          [
            -40.26258504339636,
            -20.26460940054997,
            0
          ],
          [
            -40.26196601029075,
            -20.26463578736342,
            0
          ],
          [
            -40.26158653917021,
            -20.26468785894319,
            0
          ],
          [
            -40.26140460540758,
            -20.2647242161496,
            0
          ],
          [
            -40.26123435698283,
            -20.26467128960572,
            0
          ],
          [
            -40.26107823486024,
            -20.26453532298458,
            0
          ],
          [
            -40.26104134015666,
            -20.2643753979363,
            0
          ],
          [
            -40.26102318806425,
            -20.26419003368059,
            0
          ],
          [
            -40.26105302682479,
            -20.26409241641657,
            0
          ],
          [
            -40.26110750426773,
            -20.26400566592152,
            0
          ],
          [
            -40.26354098961442,
            -20.26464066473666,
            0
          ],
          [
            -40.26358679096149,
            -20.26361502019748,
            0
          ],
          [
            -40.26366215110787,
            -20.26183186927205,
            0
          ],
          [
            -40.26389354841007,
            -20.25686653413833,
            0
          ],
          [
            -40.26398023963434,
            -20.25482995080283,
            0
          ],
          [
            -40.26396119899172,
            -20.25457202545955,
            0
          ],
          [
            -40.26382837128482,
            -20.25432767984669,
            0
          ],
          [
            -40.26358216738554,
            -20.25406686644687,
            0
          ],
          [
            -40.26342514097762,
            -20.2538903154593,
            0
          ],
          [
            -40.26340240673637,
            -20.25375380265277,
            0
          ],
          [
            -40.26342152335558,
            -20.25361467037636,
            0
          ],
          [
            -40.2643368476971,
            -20.25181246852744,
            0
          ],
          [
            -40.26573230276547,
            -20.24908665655013,
            0
          ],
          [
            -40.26663731962321,
            -20.2472796805741,
            0
          ],
          [
            -40.26796337638634,
            -20.24471403169997,
            0
          ],
          [
            -40.26844218061216,
            -20.24376129344243,
            0
          ],
          [
            -40.26855605729031,
            -20.24360548588676,
            0
          ],
          [
            -40.26898599809145,
            -20.24324153406038,
            0
          ],
          [
            -40.27069379201745,
            -20.2419127068512,
            0
          ],
          [
            -40.27125851236071,
            -20.2414578877051,
            0
          ],
          [
            -40.27189584639462,
            -20.24110159299954,
            0
          ],
          [
            -40.27241261996691,
            -20.24082749293915,
            0
          ],
          [
            -40.27273762758162,
            -20.24066083005546,
            0
          ],
          [
            -40.27290008663769,
            -20.24055228108199,
            0
          ],
          [
            -40.27293193682837,
            -20.24045932721032,
            0
          ],
          [
            -40.2716816150457,
            -20.23943933361163,
            0
          ],
          [
            -40.27159431949065,
            -20.23921765704618,
            0
          ],
          [
            -40.27158585033549,
            -20.2389844742097,
            0
          ],
          [
            -40.27162976546991,
            -20.23884312244105,
            0
          ],
          [
            -40.27211109245363,
            -20.2380434675323,
            0
          ],
          [
            -40.27239843839687,
            -20.23757789351528,
            0
          ],
          [
            -40.27250303520819,
            -20.23730317544329,
            0
          ],
          [
            -40.27253456482529,
            -20.2370205279158,
            0
          ],
          [
            -40.27249165237483,
            -20.23676809571735,
            0
          ],
          [
            -40.27235340079128,
            -20.23650606675988,
            0
          ],
          [
            -40.27195328572376,
            -20.23587501236379,
            0
          ],
          [
            -40.27164843552953,
            -20.23530494779849,
            0
          ],
          [
            -40.27155455905492,
            -20.23504579501442,
            0
          ],
          [
            -40.27146334197306,
            -20.23435873913326,
            0
          ],
          [
            -40.27141848837255,
            -20.23410618049679,
            0
          ],
          [
            -40.27133555211479,
            -20.23390229792081,
            0
          ],
          [
            -40.26982989908898,
            -20.23148740041145,
            0
          ],
          [
            -40.26984236357652,
            -20.23132794914645,
            0
          ],
          [
            -40.27009648391589,
            -20.23056956556673,
            0
          ]
        ]
      },
      "properties": {
        "data_versao": "07_12_2025",
        "tipo_linha": "Praias",
        "codigo_linha": "513",
        "itinerario": "513V_B",
        "terminal_origem": "TCG",
        "terminal_destino": "não integrada"
      }
    },
    {
      "type": "Feature",
      "geometry": {
        "type": "LineString",
        "coordinates": [
          [
            -40.35903532071323,
            -20.33365841198406,
            0
          ],
          [
            -40.35867526441133,
            -20.33407204442066,
            0
          ],
          [
            -40.358691449791,
            -20.33415378128092,
            0
          ],
          [
            -40.35893914840416,
            -20.33433327092853,
            0
          ],
          [
            -40.35896603541087,
            -20.33438296989332,
            0
          ],
          [
            -40.35895171937979,
            -20.33446460126976,
            0
          ],
          [
            -40.35887023226363,
            -20.33469731511386,
            0
          ],
          [
            -40.35805222945285,
            -20.33561207762645,
            0
          ],
          [
            -40.35796526431977,
            -20.33566665842764,
            0
          ],
          [
            -40.35738351380802,
            -20.33523131155585,
            0
          ],
          [
            -40.35686851367635,
            -20.33484130085095,
            0
          ],
          [
            -40.35680265316294,
            -20.3347523891386,
            0
          ],
          [
            -40.35681827660407,
            -20.33348649292222,
            0
          ],
          [
            -40.35682111819403,
            -20.33301692753637,
            0
          ],
          [
            -40.35677507353597,
            -20.33295619163846,
            0
          ],
          [
            -40.35649624110005,
            -20.33290050495492,
            0
          ],
          [
            -40.35540293333403,
            -20.33281037107799,
            0
          ],
          [
            -40.3549838975894,
            -20.33273686699457,
            0
          ],
          [
            -40.35288010437555,
            -20.33219115832896,
            0
          ],
          [
            -40.35260462164229,
            -20.33225438906161,
            0
          ],
          [
            -40.35237928958802,
            -20.3322568010901,
            0
          ],
          [
            -40.35227695243248,
            -20.33214925926743,
            0
          ],
          [
            -40.35226362625379,
            -20.3319937869112,
            0
          ],
          [
            -40.35236520333439,
            -20.33178156700331,
            0
          ],
          [
            -40.35240714084372,
            -20.33163668140637,
            0
          ],
          [
            -40.35234549189897,
            -20.33090203497545,
            0
          ],
          [
            -40.35235377002181,
            -20.33065837719083,
            0
          ],
          [
            -40.35269812853435,
            -20.33064163734555,
            0
          ],
          [
            -40.35322370197696,
            -20.3306214791075,
            0
          ],
          [
            -40.3532185577342,
            -20.33050559227682,
            0
          ],
          [
            -40.35337187710337,
            -20.330506700054,
            0
          ],
          [
            -40.3534696866904,
            -20.33048980479909,
            0
          ],
          [
            -40.35352533907538,
            -20.33040848439736,
            0
          ],
          [
            -40.35347397174203,
            -20.32994152945021,
            0
          ],
          [
            -40.3531674284277,
            -20.3296858981204,
            0
          ],
          [
            -40.35281280719437,
            -20.32973195149335,
            0
          ],
          [
            -40.35248783305754,
            -20.32974627866885,
            0
          ],
          [
            -40.35245213283362,
            -20.32981169487505,
            0
          ],
          [
            -40.3522937843516,
            -20.32981570884876,
            0
          ],
          [
            -40.35236616510245,
            -20.33051454751874,
            0
          ],
          [
            -40.35240985091454,
            -20.3306247977842,
            0
          ],
          [
            -40.35272978819698,
            -20.33066875398299,
            0
          ],
          [
            -40.35326095806789,
            -20.33066846115407,
            0
          ],
          [
            -40.35348519193396,
            -20.33061336880976,
            0
          ],
          [
            -40.3535997731202,
            -20.330499639063,
            0
          ],
          [
            -40.35363784715306,
            -20.33035356597638,
            0
          ],
          [
            -40.35363189069887,
            -20.33014309578363,
            0
          ],
          [
            -40.35356263476479,
            -20.32989268488699,
            0
          ],
          [
            -40.35344076136973,
            -20.32944196066095,
            0
          ],
          [
            -40.35329131597712,
            -20.32908459379463,
            0
          ],
          [
            -40.35291735913242,
            -20.3283814779465,
            0
          ],
          [
            -40.3526924506609,
            -20.32799909270875,
            0
          ],
          [
            -40.35247545121134,
            -20.32772194459139,
            0
          ],
          [
            -40.35220785628118,
            -20.32744251610975,
            0
          ],
          [
            -40.35210391283986,
            -20.32724338483261,
            0
          ],
          [
            -40.35207192918979,
            -20.32699500307134,
            0
          ],
          [
            -40.35201425278205,
            -20.3267941661108,
            0
          ],
          [
            -40.35189843818676,
            -20.32656946468906,
            0
          ],
          [
            -40.35035445601361,
            -20.3239776399977,
            0
          ],
          [
            -40.35023935599907,
            -20.32374797162049,
            0
          ],
          [
            -40.35021070734047,
            -20.32354010524045,
            0
          ],
          [
            -40.35024582870138,
            -20.32331829140385,
            0
          ],
          [
            -40.35042895984016,
            -20.32290349673885,
            0
          ],
          [
            -40.35070582697919,
            -20.32221057035834,
            0
          ],
          [
            -40.35073116647417,
            -20.32204307936939,
            0
          ],
          [
            -40.35082548671153,
            -20.32164776112582,
            0
          ],
          [
            -40.35081166326307,
            -20.32129483713622,
            0
          ],
          [
            -40.35044952844903,
            -20.32072888302137,
            0
          ],
          [
            -40.35035411832848,
            -20.32068020560832,
            0
          ],
          [
            -40.34936411028019,
            -20.32059269031013,
            0
          ],
          [
            -40.34833160078609,
            -20.32055375006827,
            0
          ],
          [
            -40.34801370403057,
            -20.32067618342995,
            0
          ],
          [
            -40.34780445079331,
            -20.3207904845063,
            0
          ],
          [
            -40.34769649485841,
            -20.32085018588184,
            0
          ],
          [
            -40.34736388119448,
            -20.32092569875271,
            0
          ],
          [
            -40.34483912134926,
            -20.32170167549998,
            0
          ],
          [
            -40.34451241695221,
            -20.32171756393548,
            0
          ],
          [
            -40.34423664730652,
            -20.32171515540235,
            0
          ],
          [
            -40.34391149346509,
            -20.32165822005063,
            0
          ],
          [
            -40.34365119662078,
            -20.32163797464503,
            0
          ],
          [
            -40.34295526177419,
            -20.32178308881264,
            0
          ],
          [
            -40.34145693067281,
            -20.32210459088081,
            0
          ],
          [
            -40.34093565110194,
            -20.32214193367771,
            0
          ],
          [
            -40.33981049029219,
            -20.32216185108132,
            0
          ],
          [
            -40.33922137120887,
            -20.32215236595344,
            0
          ],
          [
            -40.33828898205151,
            -20.32199801245036,
            0
          ],
          [
            -40.3378112566557,
            -20.32188002409736,
            0
          ],
          [
            -40.33359716200948,
            -20.32133298439184,
            0
          ],
          [
            -40.33056792422683,
            -20.32098331746622,
            0
          ],
          [
            -40.32851121882609,
            -20.32070320086119,
            0
          ],
          [
            -40.3278256105373,
            -20.3208233976626,
            0
          ],
          [
            -40.32710505213769,
            -20.32108164852031,
            0
          ],
          [
            -40.32631109777082,
            -20.32119833371385,
            0
          ],
          [
            -40.32569248640439,
            -20.3211612956662,
            0
          ],
          [
            -40.32523343483477,
            -20.32089539938981,
            0
          ],
          [
            -40.32479959609489,
            -20.32032330287115,
            0
          ],
          [
            -40.32433446269895,
            -20.31974434227577,
            0
          ],
          [
            -40.32327713350412,
            -20.31899432778179,
            0
          ],
          [
            -40.32228602815847,
            -20.31850005329098,
            0
          ],
          [
            -40.32115240611019,
            -20.31819243460267,
            0
          ],
          [
            -40.32043807377318,
            -20.31805053103737,
            0
          ],
          [
            -40.31972303477547,
            -20.31796136839768,
            0
          ],
          [
            -40.31811495989153,
            -20.31767072130584,
            0
          ],
          [
            -40.31597909812251,
            -20.31731850637548,
            0
          ],
          [
            -40.31477987472754,
            -20.31710881533271,
            0
          ],
          [
            -40.313773897936,
            -20.31696651775061,
            0
          ],
          [
            -40.31327374930127,
            -20.31693437078871,
            0
          ],
          [
            -40.31275741700246,
            -20.31699646972432,
            0
          ],
          [
            -40.31239093352084,
            -20.31707658341462,
            0
          ],
          [
            -40.31184217991735,
            -20.3173093599063,
            0
          ],
          [
            -40.3112448331334,
            -20.31777049237249,
            0
          ],
          [
            -40.3109933054061,
            -20.31796326285972,
            0
          ],
          [
            -40.31064274714314,
            -20.31814217700639,
            0
          ],
          [
            -40.31017441253732,
            -20.31828673695985,
            0
          ],
          [
            -40.30937243780661,
            -20.3183265190723,
            0
          ],
          [
            -40.30860567421269,
            -20.31835682173432,
            0
          ],
          [
            -40.30730931307343,
            -20.31845124210884,
            0
          ],
          [
            -40.30690956414149,
            -20.31845815601366,
            0
          ],
          [
            -40.3066485573115,
            -20.31839919084315,
            0
          ],
          [
            -40.30634203246318,
            -20.31811521912057,
            0
          ],
          [
            -40.30517745597064,
            -20.31691929765277,
            0
          ],
          [
            -40.30415937165714,
            -20.31590301514057,
            0
          ],
          [
            -40.30393312596998,
            -20.31575080630128,
            0
          ],
          [
            -40.30359071417009,
            -20.3156656596254,
            0
          ],
          [
            -40.30243880577132,
            -20.31550723915026,
            0
          ],
          [
            -40.30203840667892,
            -20.31548102414056,
            0
          ],
          [
            -40.30182069708501,
            -20.31553019800727,
            0
          ],
          [
            -40.30164835965852,
            -20.31561020235093,
            0
          ],
          [
            -40.30138824499744,
            -20.31576273764143,
            0
          ],
          [
            -40.30101491605388,
            -20.31592750514443,
            0
          ],
          [
            -40.29979396020532,
            -20.31633054182158,
            0
          ],
          [
            -40.29955734161177,
            -20.3164276514784,
            0
          ],
          [
            -40.29926598828701,
            -20.31648208472027,
            0
          ],
          [
            -40.29891205004101,
            -20.3164926375486,
            0
          ],
          [
            -40.29851513405426,
            -20.31646219148166,
            0
          ],
          [
            -40.29814347488144,
            -20.31634447144031,
            0
          ],
          [
            -40.29778591823442,
            -20.3162948187272,
            0
          ],
          [
            -40.29637763063237,
            -20.31627516877966,
            0
          ],
          [
            -40.29355677221823,
            -20.31627186922464,
            0
          ],
          [
            -40.29296670600743,
            -20.31622594280445,
            0
          ],
          [
            -40.29260987665433,
            -20.31615181882627,
            0
          ],
          [
            -40.29213355326653,
            -20.31588858415265,
            0
          ],
          [
            -40.29178630790212,
            -20.31561035328058,
            0
          ],
          [
            -40.29141997586366,
            -20.31517666098361,
            0
          ],
          [
            -40.29082172767649,
            -20.31441421791693,
            0
          ],
          [
            -40.29018418591219,
            -20.31364768656054,
            0
          ],
          [
            -40.28983905618298,
            -20.31326236654478,
            0
          ],
          [
            -40.28948958040332,
            -20.31282161549321,
            0
          ],
          [
            -40.28928933943206,
            -20.31244962121035,
            0
          ],
          [
            -40.28919424805782,
            -20.31218299511604,
            0
          ],
          [
            -40.28913242878103,
            -20.31168814513208,
            0
          ],
          [
            -40.28916735132381,
            -20.31124965896435,
            0
          ],
          [
            -40.28932518856552,
            -20.31080461914282,
            0
          ],
          [
            -40.28952201850422,
            -20.31048678957406,
            0
          ],
          [
            -40.29020996272693,
            -20.30967539019858,
            0
          ],
          [
            -40.29082575960086,
            -20.30891094899281,
            0
          ],
          [
            -40.29116726209102,
            -20.30844656424757,
            0
          ],
          [
            -40.29129480430311,
            -20.30821866065253,
            0
          ],
          [
            -40.29149737183165,
            -20.30774135863565,
            0
          ],
          [
            -40.29172432755203,
            -20.30708329931073,
            0
          ],
          [
            -40.29183526517249,
            -20.30663448762632,
            0
          ],
          [
            -40.29193110287692,
            -20.30599742322513,
            0
          ],
          [
            -40.291948906885,
            -20.30538546974063,
            0
          ],
          [
            -40.29192761075368,
            -20.30485599023845,
            0
          ],
          [
            -40.29185061623008,
            -20.30424969724182,
            0
          ],
          [
            -40.29167505707606,
            -20.30352990306767,
            0
          ],
          [
            -40.29156422382796,
            -20.303134299739,
            0
          ],
          [
            -40.29151786833126,
            -20.30276848103936,
            0
          ],
          [
            -40.29161783294107,
            -20.30231674050974,
            0
          ],
          [
            -40.29165985404109,
            -20.3020064443352,
            0
          ],
          [
            -40.29167701128701,
            -20.30152727923429,
            0
          ],
          [
            -40.29194889943388,
            -20.30061119314964,
            0
          ],
          [
            -40.29207765368732,
            -20.30014497936188,
            0
          ],
          [
            -40.29211528342512,
            -20.2996645533139,
            0
          ],
          [
            -40.29208775452626,
            -20.29928081241183,
            0
          ],
          [
            -40.29198425262218,
            -20.29890680039875,
            0
          ],
          [
            -40.29176562091593,
            -20.2985495473053,
            0
          ],
          [
            -40.29156240581168,
            -20.29827513593747,
            0
          ],
          [
            -40.29150123734546,
            -20.29806758497691,
            0
          ],
          [
            -40.29137758811165,
            -20.29765419146678,
            0
          ],
          [
            -40.29120691186083,
            -20.29735251565972,
            0
          ],
          [
            -40.29089418621521,
            -20.29696707044781,
            0
          ],
          [
            -40.28954329829602,
            -20.29520605861117,
            0
          ],
          [
            -40.28932521880677,
            -20.29477377174938,
            0
          ],
          [
            -40.28912809881773,
            -20.29419279933736,
            0
          ],
          [
            -40.28906692791141,
            -20.29398991430749,
            0
          ],
          [
            -40.28906287447864,
            -20.29369090029103,
            0
          ],
          [
            -40.28910454501858,
            -20.29341554259771,
            0
          ],
          [
            -40.28956662999584,
            -20.29252428847796,
            0
          ],
          [
            -40.2899489631351,
            -20.29185292345531,
            0
          ],
          [
            -40.29014714877931,
            -20.29140038445207,
            0
          ],
          [
            -40.2902910519472,
            -20.29084591682153,
            0
          ],
          [
            -40.29082726626142,
            -20.2883033842804,
            0
          ],
          [
            -40.29089941801068,
            -20.28787842765159,
            0
          ],
          [
            -40.29089496387746,
            -20.28742312486325,
            0
          ],
          [
            -40.2908712792825,
            -20.28704630274698,
            0
          ],
          [
            -40.29080168450547,
            -20.28623943344944,
            0
          ],
          [
            -40.29068454106575,
            -20.28554741117947,
            0
          ],
          [
            -40.29050260218909,
            -20.28491013455502,
            0
          ],
          [
            -40.29022180730807,
            -20.28424079218727,
            0
          ],
          [
            -40.28990586482382,
            -20.28366922845693,
            0
          ],
          [
            -40.28944048480166,
            -20.28285110956918,
            0
          ],
          [
            -40.28909469638288,
            -20.28223054666972,
            0
          ],
          [
            -40.28845560580505,
            -20.28114403911236,
            0
          ],
          [
            -40.28793436785148,
            -20.28023965078942,
            0
          ],
          [
            -40.28759178528281,
            -20.27971004741944,
            0
          ],
          [
            -40.28704189354745,
            -20.2791362023232,
            0
          ],
          [
            -40.28526459497996,
            -20.27732545543182,
            0
          ],
          [
            -40.28441617649577,
            -20.27659148371152,
            0
          ],
          [
            -40.28352527331725,
            -20.27585156381503,
            0
          ],
          [
            -40.28280919023093,
            -20.27532416164416,
            0
          ],
          [
            -40.28060419496583,
            -20.27362328964465,
            0
          ],
          [
            -40.27951985036634,
            -20.2727180250654,
            0
          ],
          [
            -40.27912745338742,
            -20.27239367895098,
            0
          ],
          [
            -40.27814500683629,
            -20.27174483907091,
            0
          ],
          [
            -40.27669393039302,
            -20.27087820730108,
            0
          ],
          [
            -40.27527738870956,
            -20.2700163455273,
            0
          ],
          [
            -40.27456221737085,
            -20.26955326197781,
            0
          ],
          [
            -40.27383367993203,
            -20.26912960424962,
            0
          ],
          [
            -40.27285050250772,
            -20.26858992125392,
            0
          ],
          [
            -40.27165623475861,
            -20.26790383064238,
            0
          ],
          [
            -40.27094123689043,
            -20.2675233352945,
            0
          ],
          [
            -40.27021224758371,
            -20.26712105271148,
            0
          ],
          [
            -40.26960807600964,
            -20.26690967350103,
            0
          ],
          [
            -40.26845330156881,
            -20.26642267881501,
            0
          ],
          [
            -40.26750740738819,
            -20.26603727467611,
            0
          ],
          [
            -40.2667452547356,
            -20.26578277393611,
            0
          ],
          [
            -40.26550913270706,
            -20.2654306902451,
            0
          ],
          [
            -40.26427769642851,
            -20.26507049599449,
            0
          ],
          [
            -40.26359310261213,
            -20.264851681059,
            0
          ],
          [
            -40.26316096569821,
            -20.26474134145726,
            0
          ],
          [
            -40.26258504339636,
            -20.26460940054997,
            0
          ],
          [
            -40.26196601029075,
            -20.26463578736342,
            0
          ],
          [
            -40.26158653917021,
            -20.26468785894319,
            0
          ],
          [
            -40.26140460540758,
            -20.2647242161496,
            0
          ],
          [
            -40.26123435698283,
            -20.26467128960572,
            0
          ],
          [
            -40.26107823486024,
            -20.26453532298458,
            0
          ],
          [
            -40.26104134015666,
            -20.2643753979363,
            0
          ],
          [
            -40.26102318806425,
            -20.26419003368059,
            0
          ],
          [
            -40.26105302682479,
            -20.26409241641657,
            0
          ],
          [
            -40.26110750426773,
            -20.26400566592152,
            0
          ],
          [
            -40.26354098961442,
            -20.26464066473666,
            0
          ],
          [
            -40.26358679096149,
            -20.26361502019748,
            0
          ],
          [
            -40.26366215110787,
            -20.26183186927205,
            0
          ],
          [
            -40.26389354841007,
            -20.25686653413833,
            0
          ],
          [
            -40.26398023963434,
            -20.25482995080283,
            0
          ],
          [
            -40.26396119899172,
            -20.25457202545955,
            0
          ],
          [
            -40.26382837128482,
            -20.25432767984669,
            0
          ],
          [
            -40.26358216738554,
            -20.25406686644687,
            0
          ],
          [
            -40.26342514097762,
            -20.2538903154593,
            0
          ],
          [
            -40.26340240673637,
            -20.25375380265277,
            0
          ],
          [
            -40.26342152335558,
            -20.25361467037636,
            0
          ],
          [
            -40.2643368476971,
            -20.25181246852744,
            0
          ],
          [
            -40.26573230276547,
            -20.24908665655013,
            0
          ],
          [
            -40.26663731962321,
            -20.2472796805741,
            0
          ],
          [
            -40.26796337638634,
            -20.24471403169997,
            0
          ],
          [
            -40.26844218061216,
            -20.24376129344243,
            0
          ],
          [
            -40.26855605729031,
            -20.24360548588676,
            0
          ],
          [
            -40.26898599809145,
            -20.24324153406038,
            0
          ],
          [
            -40.27069379201745,
            -20.2419127068512,
            0
          ],
          [
            -40.27125851236071,
            -20.2414578877051,
            0
          ],
          [
            -40.27189584639462,
            -20.24110159299954,
            0
          ],
          [
            -40.27241261996691,
            -20.24082749293915,
            0
          ],
          [
            -40.27273762758162,
            -20.24066083005546,
            0
          ],
          [
            -40.27290008663769,
            -20.24055228108199,
            0
          ],
          [
            -40.27293193682837,
            -20.24045932721032,
            0
          ],
          [
            -40.2716816150457,
            -20.23943933361163,
            0
          ],
          [
            -40.27159431949065,
            -20.23921765704618,
            0
          ],
          [
            -40.27158585033549,
            -20.2389844742097,
            0
          ],
          [
            -40.27162976546991,
            -20.23884312244105,
            0
          ],
          [
            -40.27211109245363,
            -20.2380434675323,
            0
          ],
          [
            -40.27239843839687,
            -20.23757789351528,
            0
          ],
          [
            -40.27250303520819,
            -20.23730317544329,
            0
          ],
          [
            -40.27253456482529,
            -20.2370205279158,
            0
          ],
          [
            -40.27249165237483,
            -20.23676809571735,
            0
          ],
          [
            -40.27235340079128,
            -20.23650606675988,
            0
          ],
          [
            -40.27195328572376,
            -20.23587501236379,
            0
          ],
          [
            -40.27164843552953,
            -20.23530494779849,
            0
          ],
          [
            -40.27155455905492,
            -20.23504579501442,
            0
          ],
          [
            -40.27146334197306,
            -20.23435873913326,
            0
          ],
          [
            -40.27141848837255,
            -20.23410618049679,
            0
          ],
          [
            -40.27133555211479,
            -20.23390229792081,
            0
          ],
          [
            -40.26982989908898,
            -20.23148740041145,
            0
          ],
          [
            -40.26984236357652,
            -20.23132794914645,
            0
          ],
          [
            -40.27009648391589,
            -20.23056956556673,
            0
          ]
        ]
      },
      "properties": {
        "data_versao": "07_12_2025",
        "tipo_linha": "Praias",
        "codigo_linha": "546",
        "itinerario": "546V",
        "terminal_origem": "TJA",
        "terminal_destino": "não integrada"
      }
    },
    {
      "type": "Feature",
      "geometry": {
        "type": "LineString",
        "coordinates": [
          [
            -40.26996191451548,
            -20.23024870453538,
            0
          ],
          [
            -40.26974729925536,
            -20.23113782345367,
            0
          ],
          [
            -40.269746825491,
            -20.23120582313848,
            0
          ],
          [
            -40.26982108794984,
            -20.23127722437514,
            0
          ],
          [
            -40.26989425397503,
            -20.23128078537093,
            0
          ],
          [
            -40.26994205409527,
            -20.23135829900807,
            0
          ],
          [
            -40.27082964249857,
            -20.23085676731616,
            0
          ],
          [
            -40.271933058918,
            -20.23242102995303,
            0
          ],
          [
            -40.27198746505566,
            -20.23282326284241,
            0
          ],
          [
            -40.27160959719662,
            -20.2336998038952,
            0
          ],
          [
            -40.27160348342699,
            -20.23411470735465,
            0
          ],
          [
            -40.27171441339634,
            -20.23519352952098,
            0
          ],
          [
            -40.27190229938606,
            -20.23559028515937,
            0
          ],
          [
            -40.27258024168454,
            -20.23674622589521,
            0
          ],
          [
            -40.27263614584187,
            -20.23718594418675,
            0
          ],
          [
            -40.27236334055161,
            -20.23779256042266,
            0
          ],
          [
            -40.27165627465327,
            -20.23893807284292,
            0
          ],
          [
            -40.27162587105122,
            -20.23925402135148,
            0
          ],
          [
            -40.27179357476436,
            -20.23944660305212,
            0
          ],
          [
            -40.27310061699421,
            -20.24044970047943,
            0
          ],
          [
            -40.27342584505472,
            -20.24001907451311,
            0
          ],
          [
            -40.27359882075738,
            -20.24002322004991,
            0
          ],
          [
            -40.27373487156322,
            -20.24018748384017,
            0
          ],
          [
            -40.27379444706705,
            -20.24034720728627,
            0
          ],
          [
            -40.27374697495663,
            -20.24052051777592,
            0
          ],
          [
            -40.2736887090757,
            -20.24069098558269,
            0
          ],
          [
            -40.2735291302455,
            -20.24080100777522,
            0
          ],
          [
            -40.27335405047931,
            -20.2408622079017,
            0
          ],
          [
            -40.2731419508758,
            -20.24075699792655,
            0
          ],
          [
            -40.2729046405411,
            -20.24076074455132,
            0
          ],
          [
            -40.27259652283023,
            -20.24094302133562,
            0
          ],
          [
            -40.27233834345181,
            -20.24112578035668,
            0
          ],
          [
            -40.27203984492609,
            -20.24117002813766,
            0
          ],
          [
            -40.27165396175467,
            -20.24133079375428,
            0
          ],
          [
            -40.27130603976809,
            -20.24154457009432,
            0
          ],
          [
            -40.27079925365585,
            -20.24192992773733,
            0
          ],
          [
            -40.2702322905415,
            -20.2423891689261,
            0
          ],
          [
            -40.26933041185386,
            -20.24308292650769,
            0
          ],
          [
            -40.2688010847157,
            -20.24350140471682,
            0
          ],
          [
            -40.26860817836418,
            -20.24365148184406,
            0
          ],
          [
            -40.26846855421919,
            -20.24387111460872,
            0
          ],
          [
            -40.26754183951533,
            -20.24571426061451,
            0
          ],
          [
            -40.26619853159497,
            -20.24837201938602,
            0
          ],
          [
            -40.26458513278693,
            -20.25152791727755,
            0
          ],
          [
            -40.26355192109326,
            -20.25352931747036,
            0
          ],
          [
            -40.26350547762518,
            -20.25370241390642,
            0
          ],
          [
            -40.26350975374189,
            -20.25383849532637,
            0
          ],
          [
            -40.26361466284647,
            -20.25398031843294,
            0
          ],
          [
            -40.26379994689631,
            -20.25415128588226,
            0
          ],
          [
            -40.26389496762827,
            -20.25428393359107,
            0
          ],
          [
            -40.26399444920066,
            -20.2545014699288,
            0
          ],
          [
            -40.26400245315507,
            -20.25473689867859,
            0
          ],
          [
            -40.26356230864331,
            -20.26458013810988,
            0
          ],
          [
            -40.26357974520668,
            -20.26470835208902,
            0
          ],
          [
            -40.26364883626792,
            -20.26476097268428,
            0
          ],
          [
            -40.26627780412901,
            -20.26553407431741,
            0
          ],
          [
            -40.26743868000419,
            -20.26588385268661,
            0
          ],
          [
            -40.26836721468818,
            -20.26625143311009,
            0
          ],
          [
            -40.2698792864916,
            -20.26684979667052,
            0
          ],
          [
            -40.2709338322269,
            -20.26724360877751,
            0
          ],
          [
            -40.27215630053922,
            -20.26797244919392,
            0
          ],
          [
            -40.27374081332253,
            -20.26888966927882,
            0
          ],
          [
            -40.27546964716698,
            -20.26992098621381,
            0
          ],
          [
            -40.27659329322591,
            -20.27064504677369,
            0
          ],
          [
            -40.27822798321896,
            -20.27166291290474,
            0
          ],
          [
            -40.27985966143513,
            -20.27276138258278,
            0
          ],
          [
            -40.28138560829806,
            -20.27385554002629,
            0
          ],
          [
            -40.28216469079611,
            -20.27447205447966,
            0
          ],
          [
            -40.28375161941627,
            -20.27575682436494,
            0
          ],
          [
            -40.28531891531052,
            -20.27715822425215,
            0
          ],
          [
            -40.28745306957464,
            -20.27929717506462,
            0
          ],
          [
            -40.28787259685607,
            -20.2798925596325,
            0
          ],
          [
            -40.28858111929688,
            -20.28109895888803,
            0
          ],
          [
            -40.28895917223864,
            -20.28175623474589,
            0
          ],
          [
            -40.29004765563975,
            -20.28359735503458,
            0
          ],
          [
            -40.29060166627282,
            -20.2848080663811,
            0
          ],
          [
            -40.29078883585429,
            -20.28549723291608,
            0
          ],
          [
            -40.29096976881612,
            -20.28650456161455,
            0
          ],
          [
            -40.29102013406114,
            -20.28731621209617,
            0
          ],
          [
            -40.29100517192746,
            -20.28786347033585,
            0
          ],
          [
            -40.2908700123436,
            -20.28882684110238,
            0
          ],
          [
            -40.29068544998707,
            -20.28974469273249,
            0
          ],
          [
            -40.29044890068862,
            -20.29072956066065,
            0
          ],
          [
            -40.29030503928988,
            -20.29134934743714,
            0
          ],
          [
            -40.29007472995274,
            -20.29190485991453,
            0
          ],
          [
            -40.28954025588414,
            -20.29292664723498,
            0
          ],
          [
            -40.28927216256982,
            -20.29342862763607,
            0
          ],
          [
            -40.28920427193954,
            -20.2936556982048,
            0
          ],
          [
            -40.289201645198,
            -20.29390724000443,
            0
          ],
          [
            -40.28938126439616,
            -20.29446100654662,
            0
          ],
          [
            -40.28959417840609,
            -20.29503803297304,
            0
          ],
          [
            -40.29020311601877,
            -20.2958068048086,
            0
          ],
          [
            -40.29082590815656,
            -20.29665605811425,
            0
          ],
          [
            -40.291398107734,
            -20.29744767946982,
            0
          ],
          [
            -40.29176026035517,
            -20.29793652711927,
            0
          ],
          [
            -40.29193794815532,
            -20.29823034999375,
            0
          ],
          [
            -40.2921190941177,
            -20.29878973316247,
            0
          ],
          [
            -40.29224600242604,
            -20.29929575041414,
            0
          ],
          [
            -40.29228394499539,
            -20.29988166445687,
            0
          ],
          [
            -40.2921957467216,
            -20.30031650368975,
            0
          ],
          [
            -40.29208394152334,
            -20.30070275451216,
            0
          ],
          [
            -40.29196849318079,
            -20.30107219166111,
            0
          ],
          [
            -40.29182747572973,
            -20.3015029304771,
            0
          ],
          [
            -40.29181681637848,
            -20.30192865888345,
            0
          ],
          [
            -40.29185220062276,
            -20.30246599631779,
            0
          ],
          [
            -40.29184802668041,
            -20.30316078086855,
            0
          ],
          [
            -40.29190301701689,
            -20.30347250138659,
            0
          ],
          [
            -40.29201228172318,
            -20.30373345787602,
            0
          ],
          [
            -40.29236025549596,
            -20.3042430586876,
            0
          ],
          [
            -40.29240397195647,
            -20.30441826623786,
            0
          ],
          [
            -40.29235809332833,
            -20.30464997088776,
            0
          ],
          [
            -40.29219995932683,
            -20.30511189872225,
            0
          ],
          [
            -40.29211710005633,
            -20.30556665319042,
            0
          ],
          [
            -40.29207319946763,
            -20.30611052594226,
            0
          ],
          [
            -40.29199545420087,
            -20.30665700333359,
            0
          ],
          [
            -40.29188035751243,
            -20.30713155978141,
            0
          ],
          [
            -40.29169754477771,
            -20.30763499648118,
            0
          ],
          [
            -40.29151190118834,
            -20.30804712042614,
            0
          ],
          [
            -40.2912806072423,
            -20.30849785000397,
            0
          ],
          [
            -40.2908050237852,
            -20.30916607708803,
            0
          ],
          [
            -40.29026357603275,
            -20.30985458836844,
            0
          ],
          [
            -40.28983734560597,
            -20.31033702303611,
            0
          ],
          [
            -40.2895817686254,
            -20.31068547968254,
            0
          ],
          [
            -40.28940596101747,
            -20.31101860642675,
            0
          ],
          [
            -40.28932778688548,
            -20.31130251762994,
            0
          ],
          [
            -40.28930438028659,
            -20.31154017408692,
            0
          ],
          [
            -40.28932136196121,
            -20.31184914381868,
            0
          ],
          [
            -40.28942137035734,
            -20.31206880161397,
            0
          ],
          [
            -40.28963547791687,
            -20.31256117934068,
            0
          ],
          [
            -40.28973805525386,
            -20.31285658455147,
            0
          ],
          [
            -40.29081228933482,
            -20.31418536381018,
            0
          ],
          [
            -40.29142730127291,
            -20.31492573910222,
            0
          ],
          [
            -40.29195233089615,
            -20.3155614811126,
            0
          ],
          [
            -40.29226757822638,
            -20.31581499949211,
            0
          ],
          [
            -40.29267945996573,
            -20.31599097440845,
            0
          ],
          [
            -40.29311046738522,
            -20.31610472840004,
            0
          ],
          [
            -40.29551945966201,
            -20.31612456293681,
            0
          ],
          [
            -40.29804048224754,
            -20.31616876988984,
            0
          ],
          [
            -40.29863244279534,
            -20.31633732830228,
            0
          ],
          [
            -40.29913726581292,
            -20.31634392781841,
            0
          ],
          [
            -40.29967791544614,
            -20.31625056298146,
            0
          ],
          [
            -40.30074346285812,
            -20.31589232876146,
            0
          ],
          [
            -40.30140214310194,
            -20.31563151256189,
            0
          ],
          [
            -40.30163042617657,
            -20.31544384263609,
            0
          ],
          [
            -40.30186275609849,
            -20.31532748209643,
            0
          ],
          [
            -40.30221964887607,
            -20.3153702126436,
            0
          ],
          [
            -40.30363200608473,
            -20.31555870020124,
            0
          ],
          [
            -40.3039530519059,
            -20.3156370404549,
            0
          ],
          [
            -40.30420040971391,
            -20.31576656039868,
            0
          ],
          [
            -40.30453999121583,
            -20.31612176057697,
            0
          ],
          [
            -40.30646186894224,
            -20.31805842395531,
            0
          ],
          [
            -40.30666567842462,
            -20.31822656952917,
            0
          ],
          [
            -40.3069151449623,
            -20.31829495950135,
            0
          ],
          [
            -40.30894729244835,
            -20.31822073379091,
            0
          ],
          [
            -40.30993372994617,
            -20.3181929609845,
            0
          ],
          [
            -40.31043459849429,
            -20.31806965528666,
            0
          ],
          [
            -40.31086118639892,
            -20.3179013653027,
            0
          ],
          [
            -40.3112618171275,
            -20.3176205280664,
            0
          ],
          [
            -40.31168572551556,
            -20.31727042738271,
            0
          ],
          [
            -40.3122774940015,
            -20.31699636446394,
            0
          ],
          [
            -40.3128011945137,
            -20.31687805639884,
            0
          ],
          [
            -40.31342989965259,
            -20.31683246200122,
            0
          ],
          [
            -40.31447067976542,
            -20.31695046845849,
            0
          ],
          [
            -40.31657576912119,
            -20.31729776962277,
            0
          ],
          [
            -40.31899687929285,
            -20.31770595026156,
            0
          ],
          [
            -40.32120794011397,
            -20.31808109413363,
            0
          ],
          [
            -40.32185532960117,
            -20.31823862862167,
            0
          ],
          [
            -40.32234867497068,
            -20.31842567418021,
            0
          ],
          [
            -40.32284864883314,
            -20.31865939744612,
            0
          ],
          [
            -40.3234107379959,
            -20.3189710710555,
            0
          ],
          [
            -40.32383713932309,
            -20.31924289251057,
            0
          ],
          [
            -40.32432239648739,
            -20.31961380087361,
            0
          ],
          [
            -40.32458054726273,
            -20.31986386446105,
            0
          ],
          [
            -40.32480720842774,
            -20.32024226774405,
            0
          ],
          [
            -40.32502614172694,
            -20.32055889977507,
            0
          ],
          [
            -40.32524952920715,
            -20.32079098736634,
            0
          ],
          [
            -40.32554232307771,
            -20.32101663221238,
            0
          ],
          [
            -40.32595047318676,
            -20.32114462692307,
            0
          ],
          [
            -40.32646923711668,
            -20.32115827767945,
            0
          ],
          [
            -40.32697635389152,
            -20.32106900694194,
            0
          ],
          [
            -40.32751479556027,
            -20.32087462233054,
            0
          ],
          [
            -40.32799360947616,
            -20.32057513779377,
            0
          ],
          [
            -40.32836574668809,
            -20.32035496563106,
            0
          ],
          [
            -40.32883047639957,
            -20.32019435209567,
            0
          ],
          [
            -40.32926629451794,
            -20.32017178935679,
            0
          ],
          [
            -40.32970940742152,
            -20.32023366217745,
            0
          ],
          [
            -40.32978990028994,
            -20.3201727082305,
            0
          ],
          [
            -40.32995644509936,
            -20.31877822513074,
            0
          ],
          [
            -40.330015761994,
            -20.31858835812603,
            0
          ],
          [
            -40.33011662978903,
            -20.31856569147929,
            0
          ],
          [
            -40.33039844766149,
            -20.31860921993717,
            0
          ],
          [
            -40.33923607378979,
            -20.32199097142213,
            0
          ],
          [
            -40.33956307790395,
            -20.32203005957863,
            0
          ],
          [
            -40.34009023114442,
            -20.3218830857132,
            0
          ],
          [
            -40.34066712361004,
            -20.32170521550384,
            0
          ],
          [
            -40.341320104818,
            -20.32159994783751,
            0
          ],
          [
            -40.34403254880847,
            -20.3212753908651,
            0
          ],
          [
            -40.34470151756913,
            -20.32156423971844,
            0
          ],
          [
            -40.34491627236783,
            -20.32155621317571,
            0
          ],
          [
            -40.34513658061663,
            -20.32147693794192,
            0
          ],
          [
            -40.34588120536521,
            -20.32070948570519,
            0
          ],
          [
            -40.34637520849939,
            -20.3202008476047,
            0
          ],
          [
            -40.34661014921212,
            -20.32002023514131,
            0
          ],
          [
            -40.34694097941928,
            -20.31986164153395,
            0
          ],
          [
            -40.34712206914721,
            -20.31976445681471,
            0
          ],
          [
            -40.34728013347687,
            -20.31959035149146,
            0
          ],
          [
            -40.34734991392757,
            -20.31950642480089,
            0
          ],
          [
            -40.34753073179584,
            -20.31947567009427,
            0
          ],
          [
            -40.34779450185702,
            -20.31954396168092,
            0
          ],
          [
            -40.34834412191959,
            -20.31960358590214,
            0
          ],
          [
            -40.34948351542126,
            -20.31967344281332,
            0
          ],
          [
            -40.34973389091712,
            -20.31975577360673,
            0
          ],
          [
            -40.34980916859367,
            -20.31981744267715,
            0
          ],
          [
            -40.3507347822539,
            -20.32102880424882,
            0
          ],
          [
            -40.35087584160551,
            -20.3213281168072,
            0
          ],
          [
            -40.3508554432681,
            -20.32164722336771,
            0
          ],
          [
            -40.35083925579529,
            -20.32195463849164,
            0
          ],
          [
            -40.35076839807847,
            -20.32220976987583,
            0
          ],
          [
            -40.35062704661232,
            -20.32242644362849,
            0
          ],
          [
            -40.35036651278291,
            -20.32310067457696,
            0
          ],
          [
            -40.35025725109498,
            -20.32342160773857,
            0
          ],
          [
            -40.35024936667438,
            -20.32355641853273,
            0
          ],
          [
            -40.35029060096185,
            -20.32378324448721,
            0
          ],
          [
            -40.35034902960994,
            -20.32389800940077,
            0
          ],
          [
            -40.35204833009573,
            -20.32677059844772,
            0
          ],
          [
            -40.35216086440533,
            -20.32696453176448,
            0
          ],
          [
            -40.35233091419563,
            -20.32719246779398,
            0
          ],
          [
            -40.35246675679659,
            -20.32738864317256,
            0
          ],
          [
            -40.35262430840141,
            -20.32771680680564,
            0
          ],
          [
            -40.35287316248747,
            -20.32813976941793,
            0
          ],
          [
            -40.35303629498966,
            -20.32843109086999,
            0
          ],
          [
            -40.35325098449355,
            -20.32884683221121,
            0
          ],
          [
            -40.35339357378899,
            -20.329157541924,
            0
          ],
          [
            -40.35352032621973,
            -20.32948170514199,
            0
          ],
          [
            -40.35362751993038,
            -20.32983189649218,
            0
          ],
          [
            -40.35366220355925,
            -20.32999777277292,
            0
          ],
          [
            -40.35379324048198,
            -20.33065016917842,
            0
          ],
          [
            -40.3537720280395,
            -20.33103464560255,
            0
          ],
          [
            -40.35369870891057,
            -20.33203668743519,
            0
          ],
          [
            -40.35366678854921,
            -20.33229648793579,
            0
          ],
          [
            -40.35361200887298,
            -20.33236059581385,
            0
          ],
          [
            -40.35342934939042,
            -20.33231119087436,
            0
          ],
          [
            -40.35285340907828,
            -20.33216736702661,
            0
          ],
          [
            -40.3525900515667,
            -20.33221932613639,
            0
          ],
          [
            -40.35240373498108,
            -20.33222599186566,
            0
          ],
          [
            -40.35230902788572,
            -20.33215757949288,
            0
          ],
          [
            -40.35228945281594,
            -20.33201176479684,
            0
          ],
          [
            -40.35234427019768,
            -20.33186449748596,
            0
          ],
          [
            -40.35242532280981,
            -20.33164997582079,
            0
          ],
          [
            -40.35235791830556,
            -20.33082255416576,
            0
          ],
          [
            -40.3523571608017,
            -20.33067006372524,
            0
          ],
          [
            -40.35248663486848,
            -20.33066214040204,
            0
          ],
          [
            -40.35321461205935,
            -20.33062865182835,
            0
          ],
          [
            -40.35322411355909,
            -20.33050323112882,
            0
          ],
          [
            -40.35319854781773,
            -20.33013627879631,
            0
          ],
          [
            -40.35315233948131,
            -20.33006725013643,
            0
          ],
          [
            -40.35301232384568,
            -20.32996700516131,
            0
          ],
          [
            -40.35289643725561,
            -20.32996411701437,
            0
          ],
          [
            -40.35252387762413,
            -20.33000090873724,
            0
          ],
          [
            -40.35249365533748,
            -20.3300577471627,
            0
          ],
          [
            -40.35232358280618,
            -20.33007187101741,
            0
          ],
          [
            -40.35235071516532,
            -20.33026799688717,
            0
          ],
          [
            -40.35237505226996,
            -20.33057858312112,
            0
          ],
          [
            -40.35244630485128,
            -20.33063559831398,
            0
          ],
          [
            -40.35298444109573,
            -20.33067300937879,
            0
          ],
          [
            -40.35311184683354,
            -20.33067837677585,
            0
          ],
          [
            -40.35345551264923,
            -20.33063772933102,
            0
          ],
          [
            -40.35360166268072,
            -20.33054560819749,
            0
          ],
          [
            -40.3537163828156,
            -20.33033751247197,
            0
          ],
          [
            -40.35384134588763,
            -20.3302534301902,
            0
          ],
          [
            -40.35397286115681,
            -20.3301891152025,
            0
          ],
          [
            -40.35415736658037,
            -20.33017748645363,
            0
          ],
          [
            -40.35429069558467,
            -20.33018924942627,
            0
          ],
          [
            -40.35444798193579,
            -20.33026612085257,
            0
          ],
          [
            -40.3545774038816,
            -20.33035344996564,
            0
          ],
          [
            -40.35476537171229,
            -20.33056113049148,
            0
          ],
          [
            -40.35484862146956,
            -20.33069550331555,
            0
          ],
          [
            -40.35486556522674,
            -20.33083150408346,
            0
          ],
          [
            -40.35491335486,
            -20.33129309190511,
            0
          ],
          [
            -40.35502017448416,
            -20.33192356664781,
            0
          ],
          [
            -40.35504706429088,
            -20.33211953915214,
            0
          ],
          [
            -40.35511340661279,
            -20.3322637291779,
            0
          ],
          [
            -40.35523423625029,
            -20.33241669123365,
            0
          ],
          [
            -40.35538962237752,
            -20.33254391780957,
            0
          ],
          [
            -40.35558247147412,
            -20.33264306671531,
            0
          ],
          [
            -40.35593507029748,
            -20.33269746563586,
            0
          ],
          [
            -40.35705153822078,
            -20.33273684804558,
            0
          ],
          [
            -40.35816013236369,
            -20.33280699290727,
            0
          ],
          [
            -40.3587021825583,
            -20.33285679254887,
            0
          ],
          [
            -40.35883223097145,
            -20.33281441779149,
            0
          ],
          [
            -40.35898778550005,
            -20.33269404093111,
            0
          ],
          [
            -40.35913918562667,
            -20.33259299099964,
            0
          ],
          [
            -40.35926284137212,
            -20.33258428487106,
            0
          ],
          [
            -40.35938137205713,
            -20.3326127054172,
            0
          ],
          [
            -40.35946001364061,
            -20.3326992899135,
            0
          ],
          [
            -40.35950964314012,
            -20.33281933561308,
            0
          ],
          [
            -40.35947350138506,
            -20.33299712931755,
            0
          ],
          [
            -40.35940558681662,
            -20.33316295034615,
            0
          ],
          [
            -40.3593455710272,
            -20.33331100485946,
            0
          ],
          [
            -40.35944982315522,
            -20.33331899993362,
            0
          ],
          [
            -40.35957533952558,
            -20.33343125980227,
            0
          ],
          [
            -40.35950351457176,
            -20.33353734739661,
            0
          ],
          [
            -40.35894773414854,
            -20.33414972527227,
            0
          ],
          [
            -40.3588799863839,
            -20.33423807154163,
            0
          ],
          [
            -40.35887914486631,
            -20.33428869116158,
            0
          ],
          [
            -40.35898883357652,
            -20.33437697493298,
            0
          ]
        ]
      },
      "properties": {
        "data_versao": "07_12_2025",
        "tipo_linha": "Praias",
        "codigo_linha": "546",
        "itinerario": "546I",
        "terminal_origem": "TJA",
        "terminal_destino": "não integrada"
      }
    },
    {
      "type": "Feature",
      "geometry": {
        "type": "LineString",
        "coordinates": [
          [
            -40.35903532071323,
            -20.33365841198406,
            0
          ],
          [
            -40.35867526441133,
            -20.33407204442066,
            0
          ],
          [
            -40.358691449791,
            -20.33415378128092,
            0
          ],
          [
            -40.35893914840416,
            -20.33433327092853,
            0
          ],
          [
            -40.35896603541087,
            -20.33438296989332,
            0
          ],
          [
            -40.35895171937979,
            -20.33446460126976,
            0
          ],
          [
            -40.35887023226363,
            -20.33469731511386,
            0
          ],
          [
            -40.35805222945285,
            -20.33561207762645,
            0
          ],
          [
            -40.35796526431977,
            -20.33566665842764,
            0
          ],
          [
            -40.35738351380802,
            -20.33523131155585,
            0
          ],
          [
            -40.35686851367635,
            -20.33484130085095,
            0
          ],
          [
            -40.35680265316294,
            -20.3347523891386,
            0
          ],
          [
            -40.35681827660407,
            -20.33348649292222,
            0
          ],
          [
            -40.35682111819403,
            -20.33301692753637,
            0
          ],
          [
            -40.35677507353597,
            -20.33295619163846,
            0
          ],
          [
            -40.35649624110005,
            -20.33290050495492,
            0
          ],
          [
            -40.35540293333403,
            -20.33281037107799,
            0
          ],
          [
            -40.3549838975894,
            -20.33273686699457,
            0
          ],
          [
            -40.35288010437555,
            -20.33219115832896,
            0
          ],
          [
            -40.35260462164229,
            -20.33225438906161,
            0
          ],
          [
            -40.35237928958802,
            -20.3322568010901,
            0
          ],
          [
            -40.35227695243248,
            -20.33214925926743,
            0
          ],
          [
            -40.35226362625379,
            -20.3319937869112,
            0
          ],
          [
            -40.35236520333439,
            -20.33178156700331,
            0
          ],
          [
            -40.35240714084372,
            -20.33163668140637,
            0
          ],
          [
            -40.35234549189897,
            -20.33090203497545,
            0
          ],
          [
            -40.35235377002181,
            -20.33065837719083,
            0
          ],
          [
            -40.35269812853435,
            -20.33064163734555,
            0
          ],
          [
            -40.35322370197696,
            -20.3306214791075,
            0
          ],
          [
            -40.3532185577342,
            -20.33050559227682,
            0
          ],
          [
            -40.35337187710337,
            -20.330506700054,
            0
          ],
          [
            -40.3534696866904,
            -20.33048980479909,
            0
          ],
          [
            -40.35352533907538,
            -20.33040848439736,
            0
          ],
          [
            -40.35347397174203,
            -20.32994152945021,
            0
          ],
          [
            -40.3531674284277,
            -20.3296858981204,
            0
          ],
          [
            -40.35281280719437,
            -20.32973195149335,
            0
          ],
          [
            -40.35248783305754,
            -20.32974627866885,
            0
          ],
          [
            -40.35245213283362,
            -20.32981169487505,
            0
          ],
          [
            -40.3522937843516,
            -20.32981570884876,
            0
          ],
          [
            -40.35236616510245,
            -20.33051454751874,
            0
          ],
          [
            -40.35240985091454,
            -20.3306247977842,
            0
          ],
          [
            -40.35272978819698,
            -20.33066875398299,
            0
          ],
          [
            -40.35326095806789,
            -20.33066846115407,
            0
          ],
          [
            -40.35348519193396,
            -20.33061336880976,
            0
          ],
          [
            -40.3535997731202,
            -20.330499639063,
            0
          ],
          [
            -40.35363784715306,
            -20.33035356597638,
            0
          ],
          [
            -40.35363189069887,
            -20.33014309578363,
            0
          ],
          [
            -40.35356263476479,
            -20.32989268488699,
            0
          ],
          [
            -40.35344076136973,
            -20.32944196066095,
            0
          ],
          [
            -40.35329131597712,
            -20.32908459379463,
            0
          ],
          [
            -40.35291735913242,
            -20.3283814779465,
            0
          ],
          [
            -40.3526924506609,
            -20.32799909270875,
            0
          ],
          [
            -40.35247545121134,
            -20.32772194459139,
            0
          ],
          [
            -40.35220785628118,
            -20.32744251610975,
            0
          ],
          [
            -40.35210391283986,
            -20.32724338483261,
            0
          ],
          [
            -40.35207192918979,
            -20.32699500307134,
            0
          ],
          [
            -40.35201425278205,
            -20.3267941661108,
            0
          ],
          [
            -40.35189843818676,
            -20.32656946468906,
            0
          ],
          [
            -40.35035445601361,
            -20.3239776399977,
            0
          ],
          [
            -40.35023935599907,
            -20.32374797162049,
            0
          ],
          [
            -40.35021070734047,
            -20.32354010524045,
            0
          ],
          [
            -40.35024582870138,
            -20.32331829140385,
            0
          ],
          [
            -40.35042895984016,
            -20.32290349673885,
            0
          ],
          [
            -40.35070582697919,
            -20.32221057035834,
            0
          ],
          [
            -40.35073116647417,
            -20.32204307936939,
            0
          ],
          [
            -40.35082548671153,
            -20.32164776112582,
            0
          ],
          [
            -40.35081166326307,
            -20.32129483713622,
            0
          ],
          [
            -40.35044952844903,
            -20.32072888302137,
            0
          ],
          [
            -40.35035411832848,
            -20.32068020560832,
            0
          ],
          [
            -40.34936411028019,
            -20.32059269031013,
            0
          ],
          [
            -40.34833160078609,
            -20.32055375006827,
            0
          ],
          [
            -40.34801370403057,
            -20.32067618342995,
            0
          ],
          [
            -40.34780445079331,
            -20.3207904845063,
            0
          ],
          [
            -40.34769649485841,
            -20.32085018588184,
            0
          ],
          [
            -40.34736388119448,
            -20.32092569875271,
            0
          ],
          [
            -40.34483912134926,
            -20.32170167549998,
            0
          ],
          [
            -40.34451241695221,
            -20.32171756393548,
            0
          ],
          [
            -40.34423664730652,
            -20.32171515540235,
            0
          ],
          [
            -40.34391149346509,
            -20.32165822005063,
            0
          ],
          [
            -40.34365119662078,
            -20.32163797464503,
            0
          ],
          [
            -40.34295526177419,
            -20.32178308881264,
            0
          ],
          [
            -40.34145693067281,
            -20.32210459088081,
            0
          ],
          [
            -40.34093565110194,
            -20.32214193367771,
            0
          ],
          [
            -40.33981049029219,
            -20.32216185108132,
            0
          ],
          [
            -40.33922137120887,
            -20.32215236595344,
            0
          ],
          [
            -40.33828898205151,
            -20.32199801245036,
            0
          ],
          [
            -40.33762067446259,
            -20.32189681671007,
            0
          ],
          [
            -40.3341530196582,
            -20.32066819437762,
            0
          ],
          [
            -40.33333383978648,
            -20.32032697591246,
            0
          ],
          [
            -40.33134450686315,
            -20.31981537587979,
            0
          ],
          [
            -40.32934657246753,
            -20.31964356919726,
            0
          ],
          [
            -40.328481901945,
            -20.31982357793272,
            0
          ],
          [
            -40.32687776963605,
            -20.32079802408692,
            0
          ],
          [
            -40.32632555122031,
            -20.32082980689173,
            0
          ],
          [
            -40.32601296621366,
            -20.32071580532845,
            0
          ],
          [
            -40.32578205998721,
            -20.32041074147248,
            0
          ],
          [
            -40.32568695627462,
            -20.32001307335241,
            0
          ],
          [
            -40.3256214396255,
            -20.31976111028196,
            0
          ],
          [
            -40.32526652175992,
            -20.31939179292884,
            0
          ],
          [
            -40.32505850387818,
            -20.31913337482646,
            0
          ],
          [
            -40.3249284076779,
            -20.31887069798479,
            0
          ],
          [
            -40.32490330629195,
            -20.31840833977645,
            0
          ],
          [
            -40.32409006272846,
            -20.31728434869523,
            0
          ],
          [
            -40.32321886409353,
            -20.31608819864104,
            0
          ],
          [
            -40.32149883433269,
            -20.31377814632357,
            0
          ],
          [
            -40.32130459026867,
            -20.31370520678928,
            0
          ],
          [
            -40.32096132269213,
            -20.31385691932019,
            0
          ],
          [
            -40.32079294317009,
            -20.3138872285872,
            0
          ],
          [
            -40.32041737158968,
            -20.3138324459916,
            0
          ],
          [
            -40.32027488775368,
            -20.31388098215631,
            0
          ],
          [
            -40.3195286499859,
            -20.31790709838255,
            0
          ],
          [
            -40.31811495989153,
            -20.31767072130584,
            0
          ],
          [
            -40.31597909812251,
            -20.31731850637548,
            0
          ],
          [
            -40.31477987472754,
            -20.31710881533271,
            0
          ],
          [
            -40.313773897936,
            -20.31696651775061,
            0
          ],
          [
            -40.31327374930127,
            -20.31693437078871,
            0
          ],
          [
            -40.31275741700246,
            -20.31699646972432,
            0
          ],
          [
            -40.31239093352084,
            -20.31707658341462,
            0
          ],
          [
            -40.31184217991735,
            -20.3173093599063,
            0
          ],
          [
            -40.3112448331334,
            -20.31777049237249,
            0
          ],
          [
            -40.3109933054061,
            -20.31796326285972,
            0
          ],
          [
            -40.31064274714314,
            -20.31814217700639,
            0
          ],
          [
            -40.31017441253732,
            -20.31828673695985,
            0
          ],
          [
            -40.30937243780661,
            -20.3183265190723,
            0
          ],
          [
            -40.30860567421269,
            -20.31835682173432,
            0
          ],
          [
            -40.30730931307343,
            -20.31845124210884,
            0
          ],
          [
            -40.30690956414149,
            -20.31845815601366,
            0
          ],
          [
            -40.3066485573115,
            -20.31839919084315,
            0
          ],
          [
            -40.30634203246318,
            -20.31811521912057,
            0
          ],
          [
            -40.30517745597064,
            -20.31691929765277,
            0
          ],
          [
            -40.30415937165714,
            -20.31590301514057,
            0
          ],
          [
            -40.30393312596998,
            -20.31575080630128,
            0
          ],
          [
            -40.30359071417009,
            -20.3156656596254,
            0
          ],
          [
            -40.30243880577132,
            -20.31550723915026,
            0
          ],
          [
            -40.30203840667892,
            -20.31548102414056,
            0
          ],
          [
            -40.30182069708501,
            -20.31553019800727,
            0
          ],
          [
            -40.30164835965852,
            -20.31561020235093,
            0
          ],
          [
            -40.30138824499744,
            -20.31576273764143,
            0
          ],
          [
            -40.30101491605388,
            -20.31592750514443,
            0
          ],
          [
            -40.29979396020532,
            -20.31633054182158,
            0
          ],
          [
            -40.29955734161177,
            -20.3164276514784,
            0
          ],
          [
            -40.29926598828701,
            -20.31648208472027,
            0
          ],
          [
            -40.29891205004101,
            -20.3164926375486,
            0
          ],
          [
            -40.29851513405426,
            -20.31646219148166,
            0
          ],
          [
            -40.29814347488144,
            -20.31634447144031,
            0
          ],
          [
            -40.29778591823442,
            -20.3162948187272,
            0
          ],
          [
            -40.29637763063237,
            -20.31627516877966,
            0
          ],
          [
            -40.29355677221823,
            -20.31627186922464,
            0
          ],
          [
            -40.29296670600743,
            -20.31622594280445,
            0
          ],
          [
            -40.29260987665433,
            -20.31615181882627,
            0
          ],
          [
            -40.29213355326653,
            -20.31588858415265,
            0
          ],
          [
            -40.29178630790212,
            -20.31561035328058,
            0
          ],
          [
            -40.29141997586366,
            -20.31517666098361,
            0
          ],
          [
            -40.29082172767649,
            -20.31441421791693,
            0
          ],
          [
            -40.29018418591219,
            -20.31364768656054,
            0
          ],
          [
            -40.28983905618298,
            -20.31326236654478,
            0
          ],
          [
            -40.28948958040332,
            -20.31282161549321,
            0
          ],
          [
            -40.28928933943206,
            -20.31244962121035,
            0
          ],
          [
            -40.28919424805782,
            -20.31218299511604,
            0
          ],
          [
            -40.28913242878103,
            -20.31168814513208,
            0
          ],
          [
            -40.28916735132381,
            -20.31124965896435,
            0
          ],
          [
            -40.28932518856552,
            -20.31080461914282,
            0
          ],
          [
            -40.28952201850422,
            -20.31048678957406,
            0
          ],
          [
            -40.29020996272693,
            -20.30967539019858,
            0
          ],
          [
            -40.29082575960086,
            -20.30891094899281,
            0
          ],
          [
            -40.29116726209102,
            -20.30844656424757,
            0
          ],
          [
            -40.29129480430311,
            -20.30821866065253,
            0
          ],
          [
            -40.29149737183165,
            -20.30774135863565,
            0
          ],
          [
            -40.29172432755203,
            -20.30708329931073,
            0
          ],
          [
            -40.29183526517249,
            -20.30663448762632,
            0
          ],
          [
            -40.29193110287692,
            -20.30599742322513,
            0
          ],
          [
            -40.291948906885,
            -20.30538546974063,
            0
          ],
          [
            -40.29192761075368,
            -20.30485599023845,
            0
          ],
          [
            -40.29185061623008,
            -20.30424969724182,
            0
          ],
          [
            -40.29167505707606,
            -20.30352990306767,
            0
          ],
          [
            -40.29156422382796,
            -20.303134299739,
            0
          ],
          [
            -40.29151786833126,
            -20.30276848103936,
            0
          ],
          [
            -40.29161783294107,
            -20.30231674050974,
            0
          ],
          [
            -40.29165985404109,
            -20.3020064443352,
            0
          ],
          [
            -40.29167701128701,
            -20.30152727923429,
            0
          ],
          [
            -40.29194889943388,
            -20.30061119314964,
            0
          ],
          [
            -40.29207765368732,
            -20.30014497936188,
            0
          ],
          [
            -40.29211528342512,
            -20.2996645533139,
            0
          ],
          [
            -40.29208775452626,
            -20.29928081241183,
            0
          ],
          [
            -40.29198425262218,
            -20.29890680039875,
            0
          ],
          [
            -40.29176562091593,
            -20.2985495473053,
            0
          ],
          [
            -40.29156240581168,
            -20.29827513593747,
            0
          ],
          [
            -40.29150123734546,
            -20.29806758497691,
            0
          ],
          [
            -40.29137758811165,
            -20.29765419146678,
            0
          ],
          [
            -40.29120691186083,
            -20.29735251565972,
            0
          ],
          [
            -40.29089418621521,
            -20.29696707044781,
            0
          ],
          [
            -40.28954329829602,
            -20.29520605861117,
            0
          ],
          [
            -40.28932521880677,
            -20.29477377174938,
            0
          ],
          [
            -40.28912809881773,
            -20.29419279933736,
            0
          ],
          [
            -40.28906692791141,
            -20.29398991430749,
            0
          ],
          [
            -40.28906287447864,
            -20.29369090029103,
            0
          ],
          [
            -40.28910454501858,
            -20.29341554259771,
            0
          ],
          [
            -40.28956662999584,
            -20.29252428847796,
            0
          ],
          [
            -40.2899489631351,
            -20.29185292345531,
            0
          ],
          [
            -40.29014714877931,
            -20.29140038445207,
            0
          ],
          [
            -40.2902910519472,
            -20.29084591682153,
            0
          ],
          [
            -40.29082726626142,
            -20.2883033842804,
            0
          ],
          [
            -40.29089941801068,
            -20.28787842765159,
            0
          ],
          [
            -40.29089496387746,
            -20.28742312486325,
            0
          ],
          [
            -40.2908712792825,
            -20.28704630274698,
            0
          ],
          [
            -40.29080168450547,
            -20.28623943344944,
            0
          ],
          [
            -40.29068454106575,
            -20.28554741117947,
            0
          ],
          [
            -40.29050260218909,
            -20.28491013455502,
            0
          ],
          [
            -40.29022180730807,
            -20.28424079218727,
            0
          ],
          [
            -40.28990586482382,
            -20.28366922845693,
            0
          ],
          [
            -40.28944048480166,
            -20.28285110956918,
            0
          ],
          [
            -40.28909469638288,
            -20.28223054666972,
            0
          ],
          [
            -40.28845560580505,
            -20.28114403911236,
            0
          ],
          [
            -40.28793436785148,
            -20.28023965078942,
            0
          ],
          [
            -40.28759178528281,
            -20.27971004741944,
            0
          ],
          [
            -40.28704189354745,
            -20.2791362023232,
            0
          ],
          [
            -40.28526459497996,
            -20.27732545543182,
            0
          ],
          [
            -40.28441617649577,
            -20.27659148371152,
            0
          ],
          [
            -40.28352527331725,
            -20.27585156381503,
            0
          ],
          [
            -40.28280919023093,
            -20.27532416164416,
            0
          ],
          [
            -40.28060419496583,
            -20.27362328964465,
            0
          ],
          [
            -40.27951985036634,
            -20.2727180250654,
            0
          ],
          [
            -40.27912745338742,
            -20.27239367895098,
            0
          ],
          [
            -40.27814500683629,
            -20.27174483907091,
            0
          ],
          [
            -40.27669393039302,
            -20.27087820730108,
            0
          ],
          [
            -40.27527738870956,
            -20.2700163455273,
            0
          ],
          [
            -40.27456221737085,
            -20.26955326197781,
            0
          ],
          [
            -40.27383367993203,
            -20.26912960424962,
            0
          ],
          [
            -40.27285050250772,
            -20.26858992125392,
            0
          ],
          [
            -40.27165623475861,
            -20.26790383064238,
            0
          ],
          [
            -40.27094123689043,
            -20.2675233352945,
            0
          ],
          [
            -40.27021224758371,
            -20.26712105271148,
            0
          ],
          [
            -40.26960807600964,
            -20.26690967350103,
            0
          ],
          [
            -40.26845330156881,
            -20.26642267881501,
            0
          ],
          [
            -40.26750740738819,
            -20.26603727467611,
            0
          ],
          [
            -40.2667452547356,
            -20.26578277393611,
            0
          ],
          [
            -40.26550913270706,
            -20.2654306902451,
            0
          ],
          [
            -40.26427769642851,
            -20.26507049599449,
            0
          ],
          [
            -40.26359310261213,
            -20.264851681059,
            0
          ],
          [
            -40.26316096569821,
            -20.26474134145726,
            0
          ],
          [
            -40.26258504339636,
            -20.26460940054997,
            0
          ],
          [
            -40.26196601029075,
            -20.26463578736342,
            0
          ],
          [
            -40.26158653917021,
            -20.26468785894319,
            0
          ],
          [
            -40.26140460540758,
            -20.2647242161496,
            0
          ],
          [
            -40.26123435698283,
            -20.26467128960572,
            0
          ],
          [
            -40.26107823486024,
            -20.26453532298458,
            0
          ],
          [
            -40.26104134015666,
            -20.2643753979363,
            0
          ],
          [
            -40.26102318806425,
            -20.26419003368059,
            0
          ],
          [
            -40.26105302682479,
            -20.26409241641657,
            0
          ],
          [
            -40.26110750426773,
            -20.26400566592152,
            0
          ],
          [
            -40.26354098961442,
            -20.26464066473666,
            0
          ],
          [
            -40.26358679096149,
            -20.26361502019748,
            0
          ],
          [
            -40.26366215110787,
            -20.26183186927205,
            0
          ],
          [
            -40.26389354841007,
            -20.25686653413833,
            0
          ],
          [
            -40.26398023963434,
            -20.25482995080283,
            0
          ],
          [
            -40.26396119899172,
            -20.25457202545955,
            0
          ],
          [
            -40.26382837128482,
            -20.25432767984669,
            0
          ],
          [
            -40.26358216738554,
            -20.25406686644687,
            0
          ],
          [
            -40.26342514097762,
            -20.2538903154593,
            0
          ],
          [
            -40.26340240673637,
            -20.25375380265277,
            0
          ],
          [
            -40.26342152335558,
            -20.25361467037636,
            0
          ],
          [
            -40.2643368476971,
            -20.25181246852744,
            0
          ],
          [
            -40.26573230276547,
            -20.24908665655013,
            0
          ],
          [
            -40.26663731962321,
            -20.2472796805741,
            0
          ],
          [
            -40.26796337638634,
            -20.24471403169997,
            0
          ],
          [
            -40.26844218061216,
            -20.24376129344243,
            0
          ],
          [
            -40.26855605729031,
            -20.24360548588676,
            0
          ],
          [
            -40.26898599809145,
            -20.24324153406038,
            0
          ],
          [
            -40.27069379201745,
            -20.2419127068512,
            0
          ],
          [
            -40.27125851236071,
            -20.2414578877051,
            0
          ],
          [
            -40.27189584639462,
            -20.24110159299954,
            0
          ],
          [
            -40.27241261996691,
            -20.24082749293915,
            0
          ],
          [
            -40.27273762758162,
            -20.24066083005546,
            0
          ],
          [
            -40.27290008663769,
            -20.24055228108199,
            0
          ],
          [
            -40.27293193682837,
            -20.24045932721032,
            0
          ],
          [
            -40.2716816150457,
            -20.23943933361163,
            0
          ],
          [
            -40.27159431949065,
            -20.23921765704618,
            0
          ],
          [
            -40.27158585033549,
            -20.2389844742097,
            0
          ],
          [
            -40.27162976546991,
            -20.23884312244105,
            0
          ],
          [
            -40.27211109245363,
            -20.2380434675323,
            0
          ],
          [
            -40.27239843839687,
            -20.23757789351528,
            0
          ],
          [
            -40.27250303520819,
            -20.23730317544329,
            0
          ],
          [
            -40.27253456482529,
            -20.2370205279158,
            0
          ],
          [
            -40.27249165237483,
            -20.23676809571735,
            0
          ],
          [
            -40.27235340079128,
            -20.23650606675988,
            0
          ],
          [
            -40.27195328572376,
            -20.23587501236379,
            0
          ],
          [
            -40.27164843552953,
            -20.23530494779849,
            0
          ],
          [
            -40.27155455905492,
            -20.23504579501442,
            0
          ],
          [
            -40.27146334197306,
            -20.23435873913326,
            0
          ],
          [
            -40.27141848837255,
            -20.23410618049679,
            0
          ],
          [
            -40.27133555211479,
            -20.23390229792081,
            0
          ],
          [
            -40.26982989908898,
            -20.23148740041145,
            0
          ],
          [
            -40.26984236357652,
            -20.23132794914645,
            0
          ],
          [
            -40.27009648391589,
            -20.23056956556673,
            0
          ]
        ]
      },
      "properties": {
        "data_versao": "07_12_2025",
        "tipo_linha": "Praias",
        "codigo_linha": "546",
        "itinerario": "546V_B",
        "terminal_origem": "TJA",
        "terminal_destino": "não integrada"
      }
    },
    {
      "type": "Feature",
      "geometry": {
        "type": "LineString",
        "coordinates": [
          [
            -40.26054627356198,
            -20.26390942549624,
            0
          ],
          [
            -40.26209640928898,
            -20.26423387350281,
            0
          ],
          [
            -40.26278446280291,
            -20.26442787887578,
            0
          ],
          [
            -40.26407736372156,
            -20.26484046767419,
            0
          ],
          [
            -40.2670061524731,
            -20.2656904066105,
            0
          ],
          [
            -40.2670658020621,
            -20.2657277407067,
            0
          ],
          [
            -40.2674937046065,
            -20.2658865781211,
            0
          ],
          [
            -40.2678575308552,
            -20.266018034248,
            0
          ],
          [
            -40.2688677523718,
            -20.2664175325913,
            0
          ],
          [
            -40.2695634375866,
            -20.2666999268537,
            0
          ],
          [
            -40.2703242845211,
            -20.2669967103665,
            0
          ],
          [
            -40.2704975068167,
            -20.2670318791661,
            0
          ],
          [
            -40.2708516247669,
            -20.2671766615556,
            0
          ],
          [
            -40.2712206283354,
            -20.2673938292793,
            0
          ],
          [
            -40.2717003774119,
            -20.2676783072524,
            0
          ],
          [
            -40.2722974112991,
            -20.2680469518019,
            0
          ],
          [
            -40.2731319685444,
            -20.2685453605375,
            0
          ],
          [
            -40.2738026432607,
            -20.2689186717915,
            0
          ],
          [
            -40.2746695928095,
            -20.2693865473196,
            0
          ],
          [
            -40.2752964701184,
            -20.2697711152305,
            0
          ],
          [
            -40.2759716901789,
            -20.2701949179951,
            0
          ],
          [
            -40.2765473084219,
            -20.2705722156283,
            0
          ],
          [
            -40.2773190221159,
            -20.2710401838962,
            0
          ],
          [
            -40.2780820487072,
            -20.2715321245587,
            0
          ],
          [
            -40.2788131199764,
            -20.2719879587269,
            0
          ],
          [
            -40.279629767732,
            -20.2725465664743,
            0
          ],
          [
            -40.2801845190837,
            -20.2729500454996,
            0
          ],
          [
            -40.280839451821,
            -20.2734328401078,
            0
          ],
          [
            -40.2814210998995,
            -20.2738855010321,
            0
          ],
          [
            -40.2821758143241,
            -20.2744520523808,
            0
          ],
          [
            -40.2827306478522,
            -20.274842586822,
            0
          ],
          [
            -40.2830928845634,
            -20.2751456305854,
            0
          ],
          [
            -40.2836401064067,
            -20.2756160871936,
            0
          ],
          [
            -40.2839479089672,
            -20.2758755987652,
            0
          ],
          [
            -40.2845903873065,
            -20.2764398330117,
            0
          ],
          [
            -40.2853011703684,
            -20.2770911548244,
            0
          ],
          [
            -40.2858795834608,
            -20.2776544442742,
            0
          ],
          [
            -40.2864988998883,
            -20.2782788806229,
            0
          ],
          [
            -40.2870725840022,
            -20.2788852026765,
            0
          ],
          [
            -40.2874476373728,
            -20.279268820113,
            0
          ],
          [
            -40.2876641250013,
            -20.2795095071731,
            0
          ],
          [
            -40.2878498991837,
            -20.2797883114971,
            0
          ],
          [
            -40.2882722672774,
            -20.2805202192535,
            0
          ],
          [
            -40.288700801735,
            -20.2812152152572,
            0
          ],
          [
            -40.2891021205689,
            -20.2819209039115,
            0
          ],
          [
            -40.2894308258811,
            -20.2824939489561,
            0
          ],
          [
            -40.289832354556,
            -20.2831444289914,
            0
          ],
          [
            -40.2901444621406,
            -20.2836908308304,
            0
          ],
          [
            -40.2903998756005,
            -20.2842061437856,
            0
          ],
          [
            -40.2905448394995,
            -20.284543749408,
            0
          ],
          [
            -40.2907600865941,
            -20.2852218311481,
            0
          ],
          [
            -40.2908494077038,
            -20.2855656566989,
            0
          ],
          [
            -40.2909044586451,
            -20.2857744203808,
            0
          ],
          [
            -40.2910183457106,
            -20.2863798937793,
            0
          ],
          [
            -40.2910547736082,
            -20.2868357184695,
            0
          ],
          [
            -40.2910536779043,
            -20.2872804670637,
            0
          ],
          [
            -40.2910471995947,
            -20.2877128587585,
            0
          ],
          [
            -40.2910423262085,
            -20.2882186663084,
            0
          ],
          [
            -40.2909825150001,
            -20.2885686135265,
            0
          ],
          [
            -40.2908021658025,
            -20.2894997854735,
            0
          ],
          [
            -40.2906189757722,
            -20.2902242364817,
            0
          ],
          [
            -40.2905062742109,
            -20.2907061931545,
            0
          ],
          [
            -40.2903728612895,
            -20.29129805581,
            0
          ],
          [
            -40.2902665097394,
            -20.2916001087393,
            0
          ],
          [
            -40.2900776989013,
            -20.2920308514951,
            0
          ],
          [
            -40.2897716880058,
            -20.2926124703309,
            0
          ],
          [
            -40.2894116633824,
            -20.2932841931655,
            0
          ],
          [
            -40.2892933635891,
            -20.2935198029046,
            0
          ],
          [
            -40.2892558182228,
            -20.2937327351781,
            0
          ],
          [
            -40.2892870379256,
            -20.2939779961387,
            0
          ],
          [
            -40.2893681347424,
            -20.2942245485304,
            0
          ],
          [
            -40.2895822612391,
            -20.29483436732,
            0
          ],
          [
            -40.2896608458494,
            -20.2950130344595,
            0
          ],
          [
            -40.2897409787946,
            -20.2951576486358,
            0
          ],
          [
            -40.2899043256542,
            -20.2953859183787,
            0
          ],
          [
            -40.2901920724358,
            -20.295757155927,
            0
          ],
          [
            -40.2907854645407,
            -20.2965113592314,
            0
          ],
          [
            -40.2914259893449,
            -20.2973839575382,
            0
          ],
          [
            -40.2918332412067,
            -20.2979502474989,
            0
          ],
          [
            -40.2920014069573,
            -20.2982600350295,
            0
          ],
          [
            -40.2920994012279,
            -20.2985419454348,
            0
          ],
          [
            -40.2922572515956,
            -20.2991201149015,
            0
          ],
          [
            -40.2923213555982,
            -20.2996592086164,
            0
          ],
          [
            -40.2923107640479,
            -20.3000108154885,
            0
          ],
          [
            -40.2922497778331,
            -20.3003700938102,
            0
          ],
          [
            -40.2921856424068,
            -20.3005736890431,
            0
          ],
          [
            -40.2920132102615,
            -20.3011315750852,
            0
          ],
          [
            -40.2919274254271,
            -20.3014291056234,
            0
          ],
          [
            -40.2918933374842,
            -20.3016003822639,
            0
          ],
          [
            -40.2918779494551,
            -20.3017705581283,
            0
          ],
          [
            -40.2918934394042,
            -20.3019828742053,
            0
          ],
          [
            -40.2918931140923,
            -20.3024783873762,
            0
          ],
          [
            -40.2919177383067,
            -20.3028909395696,
            0
          ],
          [
            -40.2919393557885,
            -20.3032711538351,
            0
          ],
          [
            -40.291973108659,
            -20.3034313407304,
            0
          ],
          [
            -40.2920903859892,
            -20.3037308979646,
            0
          ],
          [
            -40.2922070580255,
            -20.303860581461,
            0
          ],
          [
            -40.2923729901051,
            -20.304114695488,
            0
          ],
          [
            -40.2924558885183,
            -20.3043106917389,
            0
          ],
          [
            -40.292468339717,
            -20.304501478401,
            0
          ],
          [
            -40.2924163046415,
            -20.3046267256908,
            0
          ],
          [
            -40.2923548981094,
            -20.3048105661284,
            0
          ],
          [
            -40.292243782492,
            -20.3051442589823,
            0
          ],
          [
            -40.2921818533599,
            -20.3053892144449,
            0
          ],
          [
            -40.2921786779819,
            -20.3055637989488,
            0
          ],
          [
            -40.2921567734527,
            -20.3058937678615,
            0
          ],
          [
            -40.2921287050889,
            -20.3061491997091,
            0
          ],
          [
            -40.292084590626,
            -20.3064664070602,
            0
          ],
          [
            -40.2920030648481,
            -20.3068549372705,
            0
          ],
          [
            -40.2918830472046,
            -20.3072635006404,
            0
          ],
          [
            -40.2917422577919,
            -20.3076419557659,
            0
          ],
          [
            -40.2915915444159,
            -20.3080183873312,
            0
          ],
          [
            -40.2913800026456,
            -20.3084350964202,
            0
          ],
          [
            -40.2911329577073,
            -20.3088207657534,
            0
          ],
          [
            -40.2907954047902,
            -20.3092693451612,
            0
          ],
          [
            -40.2904536842312,
            -20.309698303186,
            0
          ],
          [
            -40.2899029758372,
            -20.3103452327629,
            0
          ],
          [
            -40.2896799600953,
            -20.3106312332939,
            0
          ],
          [
            -40.289526294304,
            -20.3108771714113,
            0
          ],
          [
            -40.2894384109314,
            -20.3110735303232,
            0
          ],
          [
            -40.2893743793963,
            -20.3113001265775,
            0
          ],
          [
            -40.2893566749683,
            -20.3115701857838,
            0
          ],
          [
            -40.2893934429894,
            -20.3118978642864,
            0
          ],
          [
            -40.2894575624465,
            -20.3120804618898,
            0
          ],
          [
            -40.2895220371192,
            -20.3122311796166,
            0
          ],
          [
            -40.2897132181678,
            -20.3126309980002,
            0
          ],
          [
            -40.289873930653,
            -20.312933946095,
            0
          ],
          [
            -40.2900460407824,
            -20.3131719605094,
            0
          ],
          [
            -40.290419194014,
            -20.313624656431,
            0
          ],
          [
            -40.291235832809,
            -20.3146103201287,
            0
          ],
          [
            -40.2916632323336,
            -20.3151212189222,
            0
          ],
          [
            -40.2919164912722,
            -20.3154462027357,
            0
          ],
          [
            -40.2921884662738,
            -20.3156847236651,
            0
          ],
          [
            -40.2924707654434,
            -20.3158552422714,
            0
          ],
          [
            -40.2930513667504,
            -20.3160468289323,
            0
          ],
          [
            -40.2933393401489,
            -20.3160819688,
            0
          ],
          [
            -40.2942228359217,
            -20.3160832515446,
            0
          ],
          [
            -40.2951041537727,
            -20.3160749914583,
            0
          ],
          [
            -40.296072069052,
            -20.3160808257356,
            0
          ],
          [
            -40.2971651802332,
            -20.3160806588195,
            0
          ],
          [
            -40.2981100914306,
            -20.3161316616643,
            0
          ],
          [
            -40.2984644160139,
            -20.3162358983127,
            0
          ],
          [
            -40.2989690554372,
            -20.3163045092974,
            0
          ],
          [
            -40.2992602095158,
            -20.3163043212962,
            0
          ],
          [
            -40.2995072093048,
            -20.3162713801222,
            0
          ],
          [
            -40.2998851850551,
            -20.3161673065375,
            0
          ],
          [
            -40.3005318000539,
            -20.3159569294364,
            0
          ],
          [
            -40.3009899356607,
            -20.3157859121682,
            0
          ],
          [
            -40.3013611301185,
            -20.3156224415103,
            0
          ],
          [
            -40.3015356062163,
            -20.3154983253126,
            0
          ],
          [
            -40.3016518044016,
            -20.3154016555667,
            0
          ],
          [
            -40.3018110440465,
            -20.315311067555,
            0
          ],
          [
            -40.3019511653765,
            -20.315293797505,
            0
          ],
          [
            -40.3022332245057,
            -20.315324646202,
            0
          ],
          [
            -40.3031006842277,
            -20.3154439324793,
            0
          ],
          [
            -40.3038711455466,
            -20.3155646326337,
            0
          ],
          [
            -40.3040573362773,
            -20.3156220108218,
            0
          ],
          [
            -40.3042598886422,
            -20.3157591428127,
            0
          ],
          [
            -40.3045326657225,
            -20.3160340828954,
            0
          ],
          [
            -40.3048183098767,
            -20.3163257627965,
            0
          ],
          [
            -40.305485236179,
            -20.3170027215232,
            0
          ],
          [
            -40.3060762281432,
            -20.3175737392587,
            0
          ],
          [
            -40.3066488127173,
            -20.3181576341539,
            0
          ],
          [
            -40.3067913234542,
            -20.3182506527781,
            0
          ],
          [
            -40.3069333604712,
            -20.3182750970253,
            0
          ],
          [
            -40.3070827491831,
            -20.3182793183844,
            0
          ],
          [
            -40.3077903560079,
            -20.3182623569961,
            0
          ],
          [
            -40.3088443017475,
            -20.3182260552652,
            0
          ],
          [
            -40.309842455451,
            -20.3181845361471,
            0
          ],
          [
            -40.3102400425976,
            -20.318127452574,
            0
          ],
          [
            -40.31058187432,
            -20.3180250679505,
            0
          ],
          [
            -40.3108656278856,
            -20.3178870385581,
            0
          ],
          [
            -40.3112505250128,
            -20.3176287941265,
            0
          ],
          [
            -40.3115490110869,
            -20.3173848548947,
            0
          ],
          [
            -40.3119361229435,
            -20.3171347222209,
            0
          ],
          [
            -40.3121994628146,
            -20.3170105429974,
            0
          ],
          [
            -40.3127108624499,
            -20.3168714360107,
            0
          ],
          [
            -40.3130452690461,
            -20.316821157643,
            0
          ],
          [
            -40.3134068032538,
            -20.3167948957021,
            0
          ],
          [
            -40.313686253448,
            -20.3168098852462,
            0
          ],
          [
            -40.3143734260774,
            -20.3168715910666,
            0
          ],
          [
            -40.3152207092273,
            -20.317019491082,
            0
          ],
          [
            -40.3167934254146,
            -20.3172878284047,
            0
          ],
          [
            -40.3183144751892,
            -20.3175550126775,
            0
          ],
          [
            -40.3194998545025,
            -20.3177498517732,
            0
          ],
          [
            -40.3205232999566,
            -20.3179287059477,
            0
          ],
          [
            -40.3215272413099,
            -20.3181330633156,
            0
          ],
          [
            -40.3219988941194,
            -20.3182812780775,
            0
          ],
          [
            -40.3225970907395,
            -20.3184911512655,
            0
          ],
          [
            -40.3233058490733,
            -20.3188734583613,
            0
          ],
          [
            -40.32352801925,
            -20.3190117253322,
            0
          ],
          [
            -40.3242379104105,
            -20.3195278790806,
            0
          ],
          [
            -40.3246601066146,
            -20.3198859253615,
            0
          ],
          [
            -40.3247788513358,
            -20.3200861708218,
            0
          ],
          [
            -40.3250259441359,
            -20.3204816400897,
            0
          ],
          [
            -40.3251568651856,
            -20.3206633339059,
            0
          ],
          [
            -40.3253166533533,
            -20.3208242497542,
            0
          ],
          [
            -40.3254959014073,
            -20.3209598463937,
            0
          ],
          [
            -40.3257689580193,
            -20.321077637118,
            0
          ],
          [
            -40.3260219587545,
            -20.3211283254409,
            0
          ],
          [
            -40.326269018235,
            -20.3211381977051,
            0
          ],
          [
            -40.3266431231114,
            -20.3211017031331,
            0
          ],
          [
            -40.3269782731532,
            -20.321039412394,
            0
          ],
          [
            -40.3271908783228,
            -20.3209811634557,
            0
          ],
          [
            -40.327538175122,
            -20.3208551193182,
            0
          ],
          [
            -40.3278195101918,
            -20.3207118889346,
            0
          ],
          [
            -40.3282472530681,
            -20.3204110937853,
            0
          ],
          [
            -40.328472299653,
            -20.3202883545384,
            0
          ],
          [
            -40.3290235104862,
            -20.320166145126,
            0
          ],
          [
            -40.3292691551242,
            -20.3201512616291,
            0
          ],
          [
            -40.32968736200005,
            -20.32017366973031,
            0
          ],
          [
            -40.32994394901264,
            -20.3202422580081,
            0
          ],
          [
            -40.32994046239497,
            -20.31911726736241,
            0
          ],
          [
            -40.33000194527548,
            -20.3185288387202,
            0
          ],
          [
            -40.3311430187188,
            -20.3189025661642,
            0
          ],
          [
            -40.3316742045514,
            -20.3191037887654,
            0
          ],
          [
            -40.3326851365792,
            -20.3194695203627,
            0
          ],
          [
            -40.3340953828318,
            -20.3200246059163,
            0
          ],
          [
            -40.3355379402025,
            -20.3205436743165,
            0
          ],
          [
            -40.337506573912,
            -20.3213131574712,
            0
          ],
          [
            -40.3388539667697,
            -20.3218202130937,
            0
          ],
          [
            -40.3392678135116,
            -20.3219802895134,
            0
          ],
          [
            -40.3395071208219,
            -20.3220246039566,
            0
          ],
          [
            -40.3397261061699,
            -20.3220204015869,
            0
          ],
          [
            -40.339896507657,
            -20.3219670491496,
            0
          ],
          [
            -40.3401320934481,
            -20.3218698681723,
            0
          ],
          [
            -40.3405065365734,
            -20.3217488510702,
            0
          ],
          [
            -40.3408109236321,
            -20.3216907196379,
            0
          ],
          [
            -40.3413419499176,
            -20.321603603435,
            0
          ],
          [
            -40.34151838360211,
            -20.32157167843333,
            0
          ],
          [
            -40.34194176492989,
            -20.32151775858511,
            0
          ],
          [
            -40.34284424355993,
            -20.32139314719697,
            0
          ],
          [
            -40.34338990844171,
            -20.32130188832479,
            0
          ],
          [
            -40.34373453682189,
            -20.32125264892784,
            0
          ],
          [
            -40.3438953270789,
            -20.32126848057432,
            0
          ],
          [
            -40.34424108197374,
            -20.32138988019605,
            0
          ],
          [
            -40.34466857509619,
            -20.32154008258356,
            0
          ],
          [
            -40.34490238497271,
            -20.32154310555526,
            0
          ],
          [
            -40.34508607087604,
            -20.32147642171718,
            0
          ],
          [
            -40.34529238793043,
            -20.32133754383957,
            0
          ],
          [
            -40.3457428477837,
            -20.3208717674672,
            0
          ],
          [
            -40.34635059710681,
            -20.32021735440911,
            0
          ],
          [
            -40.34654869068123,
            -20.32002698899264,
            0
          ],
          [
            -40.34675707034335,
            -20.3199248338682,
            0
          ],
          [
            -40.34701781075547,
            -20.31982442047852,
            0
          ],
          [
            -40.34715308909219,
            -20.31974023406326,
            0
          ],
          [
            -40.34725146505751,
            -20.31958572006905,
            0
          ],
          [
            -40.34740542378043,
            -20.31948623505957,
            0
          ],
          [
            -40.34759920067565,
            -20.31948296989943,
            0
          ],
          [
            -40.34775683151221,
            -20.31952510751943,
            0
          ],
          [
            -40.34794901453792,
            -20.31952993328653,
            0
          ],
          [
            -40.3480511740341,
            -20.3195315352493,
            0
          ],
          [
            -40.3485678258699,
            -20.3195667377394,
            0
          ],
          [
            -40.3500320640202,
            -20.3196263389451,
            0
          ],
          [
            -40.351550229353,
            -20.319705653147,
            0
          ],
          [
            -40.3522596384513,
            -20.3197583447161,
            0
          ],
          [
            -40.3525583213775,
            -20.3198802365649,
            0
          ],
          [
            -40.3527894944681,
            -20.320027049438,
            0
          ],
          [
            -40.3529885938753,
            -20.3202796143825,
            0
          ],
          [
            -40.3533134081952,
            -20.3208771637655,
            0
          ],
          [
            -40.3536518305355,
            -20.3214934075743,
            0
          ],
          [
            -40.3539187264859,
            -20.3221113379271,
            0
          ],
          [
            -40.3541751756672,
            -20.3227685093568,
            0
          ],
          [
            -40.3544550524529,
            -20.3237998991218,
            0
          ],
          [
            -40.3545755367454,
            -20.3245306703845,
            0
          ],
          [
            -40.3547746667183,
            -20.3260021644274,
            0
          ],
          [
            -40.3547984753604,
            -20.3267842889899,
            0
          ],
          [
            -40.354790582804,
            -20.3276530150876,
            0
          ],
          [
            -40.3548652265818,
            -20.3286504060505,
            0
          ],
          [
            -40.3548718091261,
            -20.3295305454852,
            0
          ],
          [
            -40.3549028615461,
            -20.3298032761701,
            0
          ],
          [
            -40.354990462415,
            -20.3307114713296,
            0
          ],
          [
            -40.3550397937345,
            -20.331165921874,
            0
          ],
          [
            -40.3551731417841,
            -20.3319743641323,
            0
          ],
          [
            -40.3552518534635,
            -20.3322144498118,
            0
          ],
          [
            -40.3553405743927,
            -20.3323172101078,
            0
          ],
          [
            -40.3554864358295,
            -20.3324686702588,
            0
          ],
          [
            -40.3556272684703,
            -20.3325664305759,
            0
          ],
          [
            -40.3558360637269,
            -20.332605538322,
            0
          ],
          [
            -40.35879175814272,
            -20.33286908819243,
            0
          ],
          [
            -40.35903591186824,
            -20.33286316571387,
            0
          ],
          [
            -40.3593805479859,
            -20.3328971737593,
            0
          ],
          [
            -40.359900031383,
            -20.3329242113448,
            0
          ],
          [
            -40.3602509450905,
            -20.3328986792324,
            0
          ],
          [
            -40.3606138772,
            -20.3328009608552,
            0
          ],
          [
            -40.3609127359487,
            -20.332675857985,
            0
          ],
          [
            -40.3612404176797,
            -20.3325231902085,
            0
          ],
          [
            -40.3617654773327,
            -20.3322010730169,
            0
          ],
          [
            -40.3622255314106,
            -20.3319225174084,
            0
          ],
          [
            -40.3630504264139,
            -20.3314938084865,
            0
          ],
          [
            -40.3637613185056,
            -20.331150649618,
            0
          ],
          [
            -40.3640267249362,
            -20.3310529456656,
            0
          ],
          [
            -40.3645043605131,
            -20.3309899266088,
            0
          ],
          [
            -40.3650885183617,
            -20.3310070393911,
            0
          ],
          [
            -40.365552167509,
            -20.3311024230252,
            0
          ],
          [
            -40.3659274757493,
            -20.3312482863671,
            0
          ],
          [
            -40.3664381102909,
            -20.3315136378348,
            0
          ],
          [
            -40.3667580446971,
            -20.3317369568439,
            0
          ],
          [
            -40.3672112434575,
            -20.3321525877664,
            0
          ],
          [
            -40.367775913543,
            -20.3326747735852,
            0
          ],
          [
            -40.3682703605884,
            -20.333074243121,
            0
          ],
          [
            -40.368833871069,
            -20.3335425438429,
            0
          ],
          [
            -40.3693256117705,
            -20.3338832402829,
            0
          ],
          [
            -40.3700596505413,
            -20.3342248117631,
            0
          ],
          [
            -40.3709133849534,
            -20.3345988057459,
            0
          ],
          [
            -40.3720060681827,
            -20.3350063086622,
            0
          ],
          [
            -40.3727164208695,
            -20.3352493011793,
            0
          ],
          [
            -40.3732476295148,
            -20.3353864158563,
            0
          ],
          [
            -40.3739914151539,
            -20.3354646727091,
            0
          ],
          [
            -40.374747497482,
            -20.3354765273222,
            0
          ],
          [
            -40.375080904321,
            -20.3354576178979,
            0
          ],
          [
            -40.3753119451846,
            -20.3353623083624,
            0
          ],
          [
            -40.3755162574463,
            -20.3352222513849,
            0
          ],
          [
            -40.3756510025928,
            -20.3350444053692,
            0
          ],
          [
            -40.3757292367744,
            -20.3347831618237,
            0
          ],
          [
            -40.3757333126118,
            -20.3345630686565,
            0
          ],
          [
            -40.3756228502556,
            -20.3341973805517,
            0
          ],
          [
            -40.3754927204615,
            -20.3338556635669,
            0
          ],
          [
            -40.3754523610831,
            -20.3335500066108,
            0
          ],
          [
            -40.3754161475367,
            -20.333283235952,
            0
          ],
          [
            -40.3753508898111,
            -20.3330351433843,
            0
          ],
          [
            -40.375240659678,
            -20.3327624490035,
            0
          ],
          [
            -40.3750768894136,
            -20.3324728193504,
            0
          ],
          [
            -40.3748061145157,
            -20.3321161970537,
            0
          ],
          [
            -40.3744491574804,
            -20.3318098327097,
            0
          ],
          [
            -40.3740753405362,
            -20.3315232543843,
            0
          ],
          [
            -40.3737736680646,
            -20.3312938262747,
            0
          ],
          [
            -40.3736594778167,
            -20.3311727982886,
            0
          ],
          [
            -40.3735061273114,
            -20.3310013063496,
            0
          ],
          [
            -40.3733105028019,
            -20.3307289350704,
            0
          ],
          [
            -40.3729815534784,
            -20.330179806083,
            0
          ],
          [
            -40.3724717717677,
            -20.3292761010106,
            0
          ],
          [
            -40.3723533308763,
            -20.3289785113195,
            0
          ],
          [
            -40.3722862053109,
            -20.3286880376332,
            0
          ],
          [
            -40.3721927963665,
            -20.3282761935812,
            0
          ],
          [
            -40.3720513766294,
            -20.3274780806921,
            0
          ],
          [
            -40.3718699588286,
            -20.3264718991722,
            0
          ],
          [
            -40.3718024469281,
            -20.3261006831412,
            0
          ],
          [
            -40.371726742463,
            -20.3258319582459,
            0
          ],
          [
            -40.3716549640179,
            -20.3256233225066,
            0
          ],
          [
            -40.3715756743215,
            -20.3254466848215,
            0
          ],
          [
            -40.3715643325805,
            -20.3253617053781,
            0
          ],
          [
            -40.3715831436165,
            -20.325172161724,
            0
          ],
          [
            -40.3716208765206,
            -20.3250832505239,
            0
          ],
          [
            -40.3716813547549,
            -20.3250577620695,
            0
          ],
          [
            -40.37179634430476,
            -20.32508472066796,
            0
          ],
          [
            -40.3719695247249,
            -20.3250907777019,
            0
          ],
          [
            -40.37200953567234,
            -20.32513068567745,
            0
          ],
          [
            -40.37201088951554,
            -20.32520585920417,
            0
          ],
          [
            -40.37199396466617,
            -20.32530281917816,
            0
          ]
        ]
      },
      "properties": {
        "data_versao": "07_12_2025",
        "tipo_linha": "Praias",
        "codigo_linha": "564",
        "itinerario": "564I",
        "terminal_origem": "não integrada",
        "terminal_destino": "não integrada"
      }
    },
    {
      "type": "Feature",
      "geometry": {
        "type": "LineString",
        "coordinates": [
          [
            -40.27040849220948,
            -20.23078533991282,
            30.41882
          ],
          [
            -40.27048208872888,
            -20.23053620557408,
            30.41882
          ],
          [
            -40.27052585855733,
            -20.23050309905688,
            30.41882
          ],
          [
            -40.270608577256,
            -20.23046934690241,
            30.41882
          ],
          [
            -40.27145857644761,
            -20.23177678362883,
            30.41882
          ],
          [
            -40.27043733247496,
            -20.23237997851194,
            30.41882
          ],
          [
            -40.26981541153108,
            -20.23146611465004,
            30.41882
          ],
          [
            -40.268972972408,
            -20.2302288170904,
            29.93811000000001
          ],
          [
            -40.2689562086016,
            -20.229751970619,
            29.93811000000001
          ],
          [
            -40.2690752316267,
            -20.2295571751893,
            30.89954
          ],
          [
            -40.2696914691478,
            -20.2287515904755,
            32.82227
          ],
          [
            -40.2698204666376,
            -20.2280586585403,
            32.82227
          ],
          [
            -40.2694790717215,
            -20.2268755529076,
            32.82227
          ],
          [
            -40.2689772471786,
            -20.2263286337257,
            33.30286000000001
          ],
          [
            -40.2676785551012,
            -20.2255804650486,
            33.78345
          ],
          [
            -40.2665029931814,
            -20.2248403429985,
            35.22546000000001
          ],
          [
            -40.266293277964,
            -20.224529793486,
            35.70605
          ],
          [
            -40.2646701224149,
            -20.2183423563838,
            38.10938
          ],
          [
            -40.2641700580716,
            -20.2164351381362,
            35.22546000000001
          ],
          [
            -40.2638504561037,
            -20.2152388729155,
            36.66748
          ],
          [
            -40.2630004473031,
            -20.2120503969491,
            37.14807
          ],
          [
            -40.2626919932664,
            -20.2109879907221,
            35.70605
          ],
          [
            -40.2626088447869,
            -20.2106802910567,
            34.26416
          ],
          [
            -40.2624386921525,
            -20.2099759597331,
            34.74487
          ],
          [
            -40.2624177373946,
            -20.2099006902427,
            34.74487
          ],
          [
            -40.2622516080737,
            -20.2096556033939,
            35.22546000000001
          ],
          [
            -40.2616621088237,
            -20.209624171257,
            35.22546000000001
          ],
          [
            -40.2606945857406,
            -20.2098448667675,
            34.26416
          ],
          [
            -40.25903865695,
            -20.2102677337825,
            34.74487
          ],
          [
            -40.2574891783297,
            -20.2104948833585,
            34.74487
          ],
          [
            -40.2551183570177,
            -20.2098792325705,
            33.30286000000001
          ],
          [
            -40.2512937784195,
            -20.2087938599289,
            33.78345
          ],
          [
            -40.2511962130666,
            -20.2087952010334,
            33.78345
          ],
          [
            -40.2498639933765,
            -20.2084434963763,
            34.26416
          ],
          [
            -40.2437036298216,
            -20.2067363541573,
            34.26416
          ],
          [
            -40.2389268670231,
            -20.2054183837027,
            31.38013
          ],
          [
            -40.2379615232349,
            -20.2053719479591,
            32.82227
          ],
          [
            -40.2367141284049,
            -20.2056562621147,
            34.74487
          ],
          [
            -40.2362067718059,
            -20.2057757880539,
            33.30286000000001
          ],
          [
            -40.234555117786,
            -20.2061528060585,
            34.26416
          ],
          [
            -40.2331721875817,
            -20.2063186001033,
            34.26416
          ],
          [
            -40.22926037363183,
            -20.20562821401361,
            31.86072
          ],
          [
            -40.22823340404098,
            -20.20550843686461,
            31.86072
          ],
          [
            -40.22717392223338,
            -20.20545349467822,
            31.86072
          ],
          [
            -40.2251901850105,
            -20.2053568605334,
            30.89954
          ],
          [
            -40.2233537938446,
            -20.2052557747811,
            27.05432
          ],
          [
            -40.2228063717485,
            -20.205202549696,
            24.651
          ],
          [
            -40.2217600587756,
            -20.2049523498863,
            21.76697
          ],
          [
            -40.221388405189,
            -20.2047874778509,
            19.84436
          ],
          [
            -40.2197688538581,
            -20.2036954835057,
            20.80566
          ],
          [
            -40.218621455133,
            -20.2028940059245,
            23.68958
          ],
          [
            -40.2178669162095,
            -20.2025480847806,
            26.0929
          ],
          [
            -40.2168742474169,
            -20.2019104734063,
            28.97693
          ],
          [
            -40.2161369752139,
            -20.2011366561055,
            31.38013
          ],
          [
            -40.2152047399432,
            -20.2004383597523,
            32.34155
          ],
          [
            -40.211765896529,
            -20.1980150677264,
            30.89954
          ],
          [
            -40.2102721575648,
            -20.1969454530627,
            28.0155
          ],
          [
            -40.2091038040817,
            -20.1961291395128,
            23.68958
          ],
          [
            -40.2060155756772,
            -20.1939687877894,
            24.17029
          ],
          [
            -40.2023033984006,
            -20.1913569029421,
            13.11511
          ],
          [
            -40.2007084060461,
            -20.1902319677174,
            13.11511
          ],
          [
            -40.1993911899627,
            -20.1892932783812,
            18.40234
          ],
          [
            -40.1991669740528,
            -20.1891047693789,
            18.88306
          ],
          [
            -40.1989757828415,
            -20.1890047732741,
            19.36377
          ],
          [
            -40.1983592938632,
            -20.1885650586337,
            19.84436
          ],
          [
            -40.1966373994947,
            -20.1873313263059,
            17.92175
          ],
          [
            -40.1940700225532,
            -20.1855374313891,
            15.99902
          ],
          [
            -40.1932962052524,
            -20.1848357822746,
            19.36377
          ],
          [
            -40.192636968568,
            -20.1840002741665,
            19.84436
          ],
          [
            -40.1915796753019,
            -20.1825395599008,
            12.6344
          ],
          [
            -40.1913134660572,
            -20.1824649609626,
            11.1925
          ],
          [
            -40.1913546212018,
            -20.1827149093151,
            10.2312
          ],
          [
            -40.192161295563,
            -20.18444837071,
            10.71179
          ],
          [
            -40.192393809557,
            -20.1854956056923,
            12.15381
          ],
          [
            -40.1924689114094,
            -20.1860787346959,
            11.67322
          ],
          [
            -40.1924521476031,
            -20.1866741012782,
            12.6344
          ],
          [
            -40.1924658101052,
            -20.1873086113483,
            11.67322
          ],
          [
            -40.1928266510368,
            -20.1882118452341,
            9.269897000000002
          ],
          [
            -40.1927384734154,
            -20.1886337064207,
            9.269897000000002
          ],
          [
            -40.192406969145,
            -20.1888569165021,
            9.750610000000002
          ],
          [
            -40.1923479605466,
            -20.18908130005,
            10.2312
          ],
          [
            -40.1931890007109,
            -20.1914922706783,
            12.15381
          ],
          [
            -40.1935845427215,
            -20.1925484742969,
            10.2312
          ],
          [
            -40.1942805759609,
            -20.1944993622601,
            15.99902
          ],
          [
            -40.1945746131242,
            -20.1952744368464,
            14.07642
          ],
          [
            -40.1951689738781,
            -20.1969183795154,
            15.03772
          ],
          [
            -40.1954405475408,
            -20.1974606048316,
            13.11511
          ],
          [
            -40.1962170470506,
            -20.1983159780503,
            15.51843
          ],
          [
            -40.1973938662559,
            -20.1996862515807,
            15.99902
          ],
          [
            -40.1978444773704,
            -20.2004751563072,
            13.59583
          ],
          [
            -40.1980158872903,
            -20.2009229175747,
            11.1925
          ],
          [
            -40.1988917961717,
            -20.2031639870256,
            12.6344
          ],
          [
            -40.1993160042912,
            -20.2039836533368,
            12.6344
          ],
          [
            -40.1997446548194,
            -20.2047026529908,
            9.750610000000002
          ],
          [
            -40.2001835312695,
            -20.2054214011878,
            10.71179
          ],
          [
            -40.2004520874471,
            -20.2059133350849,
            11.1925
          ],
          [
            -40.2008673269302,
            -20.2072510030121,
            13.11511
          ],
          [
            -40.2013328578323,
            -20.2090528607369,
            13.11511
          ],
          [
            -40.2016165852547,
            -20.2103632874787,
            12.15381
          ],
          [
            -40.2019018214196,
            -20.2118382509798,
            9.750610000000002
          ],
          [
            -40.2020388655365,
            -20.2124231401831,
            10.2312
          ],
          [
            -40.2019668649882,
            -20.2124829869718,
            10.2312
          ],
          [
            -40.2013642061502,
            -20.2126215398312,
            9.750610000000002
          ],
          [
            -40.2009368129075,
            -20.2127387188375,
            8.308594
          ],
          [
            -40.199608784169,
            -20.213030576706,
            8.308594
          ],
          [
            -40.1993661280722,
            -20.2131359372288,
            7.827881000000001
          ],
          [
            -40.1993289962411,
            -20.2131801936776,
            8.789185
          ],
          [
            -40.1992764417082,
            -20.2133807726205,
            9.269897000000002
          ],
          [
            -40.1992247253657,
            -20.213728453964,
            8.308594
          ],
          [
            -40.1990452688188,
            -20.2141057234258,
            7.827881000000001
          ],
          [
            -40.1990013476462,
            -20.2143156062812,
            8.308594
          ],
          [
            -40.1989663112909,
            -20.2145958971232,
            7.827881000000001
          ],
          [
            -40.1991046126932,
            -20.2148756012321,
            8.789185
          ]
        ]
      },
      "properties": {
        "data_versao": "07_12_2025",
        "tipo_linha": "Praias",
        "codigo_linha": "840",
        "itinerario": "840V",
        "terminal_origem": "não integrada",
        "terminal_destino": "não integrada"
      }
    },
    {
      "type": "Feature",
      "geometry": {
        "type": "LineString",
        "coordinates": [
          [
            -40.19900942950064,
            -20.21501938075904,
            26.0929
          ],
          [
            -40.19890941207337,
            -20.21476714956506,
            26.0929
          ],
          [
            -40.19892025249973,
            -20.2144007747168,
            26.0929
          ],
          [
            -40.19904644465193,
            -20.21389909288319,
            26.0929
          ],
          [
            -40.19915542747351,
            -20.21371450699005,
            26.0929
          ],
          [
            -40.19916913854484,
            -20.21334329597667,
            26.0929
          ],
          [
            -40.19922057038381,
            -20.21313982172863,
            26.0929
          ],
          [
            -40.19931667754245,
            -20.21305017999706,
            26.0929
          ],
          [
            -40.2019038900639,
            -20.21242554596039,
            26.0929
          ],
          [
            -40.2018917784478,
            -20.21233861450222,
            26.0929
          ],
          [
            -40.20149379512458,
            -20.21019831269246,
            26.0929
          ],
          [
            -40.20116945069916,
            -20.2087193363401,
            26.0929
          ],
          [
            -40.20077392858351,
            -20.20721864580526,
            26.0929
          ],
          [
            -40.20048467741484,
            -20.20617802003405,
            26.0929
          ],
          [
            -40.20034271067506,
            -20.20588317268269,
            26.0929
          ],
          [
            -40.19994041075034,
            -20.2051404203849,
            26.0929
          ],
          [
            -40.1995726684559,
            -20.20453578717466,
            26.0929
          ],
          [
            -40.1992032906814,
            -20.20392948547591,
            26.0929
          ],
          [
            -40.19895042389611,
            -20.20347088037488,
            26.0929
          ],
          [
            -40.19872994221957,
            -20.20298074149691,
            26.0929
          ],
          [
            -40.19846077752305,
            -20.20229111519062,
            26.0929
          ],
          [
            -40.1981853380518,
            -20.20153826721803,
            26.0929
          ],
          [
            -40.19786078747263,
            -20.20072567067137,
            26.0929
          ],
          [
            -40.19773324122459,
            -20.2003975289253,
            26.0929
          ],
          [
            -40.19756592362291,
            -20.20003620659818,
            26.0929
          ],
          [
            -40.19737951721518,
            -20.19970413417339,
            26.0929
          ],
          [
            -40.19724015922992,
            -20.19954818816497,
            26.0929
          ],
          [
            -40.19660264352471,
            -20.19880959783981,
            26.0929
          ],
          [
            -40.19612830874186,
            -20.19828494628963,
            26.0929
          ],
          [
            -40.19554113140165,
            -20.19764937165586,
            26.0929
          ],
          [
            -40.19537233365689,
            -20.197470698249,
            26.0929
          ],
          [
            -40.19531144394527,
            -20.19738833522807,
            26.0929
          ],
          [
            -40.19501646803964,
            -20.1967361237876,
            26.0929
          ],
          [
            -40.19435510113826,
            -20.19494859345998,
            26.0929
          ],
          [
            -40.19383735100252,
            -20.19347101681196,
            26.0929
          ],
          [
            -40.19306407662809,
            -20.19135506533222,
            26.0929
          ],
          [
            -40.19235700831823,
            -20.18934586538836,
            26.0929
          ],
          [
            -40.19223083963589,
            -20.18896321190902,
            26.0929
          ],
          [
            -40.19223967250969,
            -20.188887731092,
            26.0929
          ],
          [
            -40.1923343306415,
            -20.18879024128551,
            26.0929
          ],
          [
            -40.19268545123955,
            -20.18855084365229,
            26.0929
          ],
          [
            -40.19276101493509,
            -20.18844486991911,
            26.0929
          ],
          [
            -40.19277855885186,
            -20.18833847902783,
            26.0929
          ],
          [
            -40.19274555649768,
            -20.18823517999823,
            26.0929
          ],
          [
            -40.1925802865744,
            -20.1878434981801,
            26.0929
          ],
          [
            -40.19240912314751,
            -20.18737654480308,
            26.0929
          ],
          [
            -40.19238675094037,
            -20.18723579636614,
            26.0929
          ],
          [
            -40.19236387367774,
            -20.18670182435455,
            26.0929
          ],
          [
            -40.19237608751059,
            -20.18625433703265,
            26.0929
          ],
          [
            -40.19236413119241,
            -20.18587955896126,
            26.0929
          ],
          [
            -40.19231165745043,
            -20.18558359398543,
            26.0929
          ],
          [
            -40.19221414211047,
            -20.18497124685791,
            26.0929
          ],
          [
            -40.19212909457448,
            -20.18460343787868,
            26.0929
          ],
          [
            -40.19208030608969,
            -20.18442613623229,
            26.0929
          ],
          [
            -40.19200319342252,
            -20.18427409472565,
            26.0929
          ],
          [
            -40.19190660256536,
            -20.18409163756204,
            26.0929
          ],
          [
            -40.19178021243729,
            -20.18380633289297,
            26.0929
          ],
          [
            -40.19162583981483,
            -20.1834829898934,
            26.0929
          ],
          [
            -40.19136727600744,
            -20.18292940838514,
            26.0929
          ],
          [
            -40.19125830635269,
            -20.18273133846913,
            26.0929
          ],
          [
            -40.19120730731217,
            -20.18259503424543,
            26.0929
          ],
          [
            -40.19116531873555,
            -20.18231649198256,
            26.0929
          ],
          [
            -40.19108983876671,
            -20.18193378916069,
            26.0929
          ],
          [
            -40.19105181115695,
            -20.18185741238462,
            26.0929
          ],
          [
            -40.19049773245602,
            -20.18096692787718,
            26.0929
          ],
          [
            -40.19032223343179,
            -20.1806147037149,
            26.0929
          ],
          [
            -40.19009339720989,
            -20.17992573970331,
            26.0929
          ],
          [
            -40.19010409560586,
            -20.17983894137973,
            26.0929
          ],
          [
            -40.19014389212631,
            -20.17978775751223,
            26.0929
          ],
          [
            -40.19020888028877,
            -20.17976289536718,
            26.0929
          ],
          [
            -40.19026428356316,
            -20.17976710722819,
            26.0929
          ],
          [
            -40.19036277936387,
            -20.17985584302824,
            26.0929
          ],
          [
            -40.19049853843944,
            -20.18001358362903,
            26.0929
          ],
          [
            -40.1905984396543,
            -20.18018948681396,
            26.0929
          ],
          [
            -40.19066667698242,
            -20.18036768204822,
            26.0929
          ],
          [
            -40.19074664384763,
            -20.18056620399062,
            26.0929
          ],
          [
            -40.19077520260923,
            -20.18076609446567,
            26.0929
          ],
          [
            -40.19079801110875,
            -20.1809526100573,
            26.0929
          ],
          [
            -40.19087353087489,
            -20.18119184131388,
            26.0929
          ],
          [
            -40.19104712128471,
            -20.18153958461611,
            26.0929
          ],
          [
            -40.19123607320748,
            -20.18192121945922,
            26.0929
          ],
          [
            -40.19164184952597,
            -20.18252088535301,
            26.0929
          ],
          [
            -40.19238313633633,
            -20.18352568989736,
            26.0929
          ],
          [
            -40.19276908789438,
            -20.18406970351126,
            26.0929
          ],
          [
            -40.19302817650429,
            -20.18441715383902,
            26.0929
          ],
          [
            -40.19333993897008,
            -20.18476309595003,
            26.0929
          ],
          [
            -40.19363515044198,
            -20.18505535179733,
            26.0929
          ],
          [
            -40.19420407462426,
            -20.1855059969538,
            26.0929
          ],
          [
            -40.19463765731318,
            -20.18581712784986,
            26.0929
          ],
          [
            -40.19521338773037,
            -20.18623875034903,
            26.0929
          ],
          [
            -40.1957635207628,
            -20.18662449857629,
            26.0929
          ],
          [
            -40.19678545717996,
            -20.18731708903124,
            26.0929
          ],
          [
            -40.19729342873334,
            -20.18768439506872,
            26.0929
          ],
          [
            -40.19804952099591,
            -20.18823099597695,
            26.0929
          ],
          [
            -40.19867433456494,
            -20.18868410357333,
            26.0929
          ],
          [
            -40.19977215395096,
            -20.18941782268875,
            26.0929
          ],
          [
            -40.20067883939628,
            -20.19008176708395,
            26.0929
          ],
          [
            -40.20193826983358,
            -20.19097737986501,
            26.0929
          ],
          [
            -40.20280777567765,
            -20.19159649621462,
            26.0929
          ],
          [
            -40.20341942900362,
            -20.19203628693981,
            26.0929
          ],
          [
            -40.20416615326609,
            -20.19257019187117,
            26.0929
          ],
          [
            -40.20509999850417,
            -20.19323562360755,
            26.0929
          ],
          [
            -40.20598539753001,
            -20.19385810142811,
            26.0929
          ],
          [
            -40.20693963039072,
            -20.19451653656065,
            26.0929
          ],
          [
            -40.2082841094716,
            -20.19549263775322,
            26.0929
          ],
          [
            -40.20919070903717,
            -20.19611030312439,
            26.0929
          ],
          [
            -40.21024550656009,
            -20.196846597104,
            26.0929
          ],
          [
            -40.21104446443813,
            -20.19741436682618,
            26.0929
          ],
          [
            -40.21418181672644,
            -20.19964931210967,
            26.0929
          ],
          [
            -40.21504663919478,
            -20.20026234584483,
            26.0929
          ],
          [
            -40.21637063998328,
            -20.20118399768565,
            26.0929
          ],
          [
            -40.2172561465953,
            -20.20174107834364,
            26.0929
          ],
          [
            -40.21900832384339,
            -20.20300980114629,
            26.0929
          ],
          [
            -40.22002807800868,
            -20.20372859976696,
            26.0929
          ],
          [
            -40.22062184457091,
            -20.20416402546589,
            26.0929
          ],
          [
            -40.22092376683791,
            -20.20439266068446,
            26.0929
          ],
          [
            -40.22123401839452,
            -20.20458421438201,
            26.0929
          ],
          [
            -40.22171715661337,
            -20.20480619648473,
            26.0929
          ],
          [
            -40.22221744152908,
            -20.20498396560246,
            26.0929
          ],
          [
            -40.22271487157358,
            -20.20508711327377,
            26.0929
          ],
          [
            -40.2237434509027,
            -20.20514706471361,
            26.0929
          ],
          [
            -40.22899468994174,
            -20.20549505936836,
            26.0929
          ],
          [
            -40.22976958366634,
            -20.20561625244476,
            26.0929
          ],
          [
            -40.23113413132931,
            -20.20586123139604,
            26.0929
          ],
          [
            -40.232641801186,
            -20.20612917310329,
            26.0929
          ],
          [
            -40.23306824849419,
            -20.20618764711557,
            26.0929
          ],
          [
            -40.2333414290338,
            -20.20619626579884,
            26.0929
          ],
          [
            -40.23367982054275,
            -20.20619607730944,
            26.0929
          ],
          [
            -40.23417026686531,
            -20.20611037149696,
            26.0929
          ],
          [
            -40.23492147157835,
            -20.20594743955643,
            26.0929
          ],
          [
            -40.23624155259314,
            -20.20563037719798,
            26.0929
          ],
          [
            -40.23705672479294,
            -20.2054212486386,
            26.0929
          ],
          [
            -40.23767365300459,
            -20.20526806504652,
            26.0929
          ],
          [
            -40.23803279794631,
            -20.20520908908194,
            26.0929
          ],
          [
            -40.23829078671562,
            -20.2051930826834,
            26.0929
          ],
          [
            -40.23865294111123,
            -20.20521895282082,
            26.0929
          ],
          [
            -40.23903604654768,
            -20.20531755943388,
            26.0929
          ],
          [
            -40.23993146712293,
            -20.20554931995147,
            26.0929
          ],
          [
            -40.24120296415256,
            -20.20593181251754,
            26.0929
          ],
          [
            -40.24235926691149,
            -20.20623549002724,
            26.0929
          ],
          [
            -40.24412987143275,
            -20.20668644511861,
            26.0929
          ],
          [
            -40.2513992773025,
            -20.20871228018021,
            26.0929
          ],
          [
            -40.25145181901534,
            -20.20874365074752,
            26.0929
          ],
          [
            -40.25171893605783,
            -20.20884419818803,
            26.0929
          ],
          [
            -40.25428522572861,
            -20.20955571674705,
            26.0929
          ],
          [
            -40.25669211957931,
            -20.21021301170947,
            26.0929
          ],
          [
            -40.25725549824423,
            -20.21035476499278,
            26.0929
          ],
          [
            -40.25760000469883,
            -20.21041319925543,
            26.0929
          ],
          [
            -40.257935547575,
            -20.2103949179734,
            26.0929
          ],
          [
            -40.25834087394841,
            -20.21033430773576,
            26.0929
          ],
          [
            -40.2601059718918,
            -20.20991744010652,
            26.0929
          ],
          [
            -40.26137300419953,
            -20.20961263935866,
            26.0929
          ],
          [
            -40.26277443038989,
            -20.20929334497158,
            26.0929
          ],
          [
            -40.26289026584109,
            -20.20931363822862,
            26.0929
          ],
          [
            -40.26298446413118,
            -20.20937277687935,
            26.0929
          ],
          [
            -40.2630505371631,
            -20.20944066138072,
            26.0929
          ],
          [
            -40.26311026647592,
            -20.2095801988894,
            26.0929
          ],
          [
            -40.26314795370265,
            -20.20982848833169,
            26.0929
          ],
          [
            -40.26314195772372,
            -20.2099189703596,
            26.0929
          ],
          [
            -40.26309220280063,
            -20.21002492261612,
            26.0929
          ],
          [
            -40.26304198591669,
            -20.21008977448645,
            26.0929
          ],
          [
            -40.26295708833027,
            -20.21015044455283,
            26.0929
          ],
          [
            -40.26283083181464,
            -20.21022013453097,
            26.0929
          ],
          [
            -40.26276966013814,
            -20.21027138343019,
            26.0929
          ],
          [
            -40.26269424686109,
            -20.21035282412576,
            26.0929
          ],
          [
            -40.26266383830198,
            -20.21046722575613,
            26.0929
          ],
          [
            -40.26266464582285,
            -20.2105829034118,
            26.0929
          ],
          [
            -40.2629926546804,
            -20.21186044404213,
            26.0929
          ],
          [
            -40.26342883497826,
            -20.21355382781773,
            26.0929
          ],
          [
            -40.26394734630589,
            -20.21552192592797,
            26.0929
          ],
          [
            -40.26457986361682,
            -20.21787392546645,
            26.0929
          ],
          [
            -40.26505811832848,
            -20.21966671219467,
            26.0929
          ],
          [
            -40.26553355256354,
            -20.22147774167285,
            26.0929
          ],
          [
            -40.26575718235895,
            -20.22230579909069,
            26.0929
          ],
          [
            -40.26600044864259,
            -20.22326570692862,
            26.0929
          ],
          [
            -40.26636829915101,
            -20.2245876855946,
            26.0929
          ],
          [
            -40.26643780691946,
            -20.22468270227124,
            26.0929
          ],
          [
            -40.26657425823707,
            -20.22482956372647,
            26.0929
          ],
          [
            -40.26769174812464,
            -20.22553321890749,
            26.0929
          ],
          [
            -40.26897686707633,
            -20.226278056376,
            26.0929
          ],
          [
            -40.26925121440469,
            -20.22647026138683,
            26.0929
          ],
          [
            -40.26937088293182,
            -20.22659024773761,
            26.0929
          ],
          [
            -40.26946643431838,
            -20.22676840072689,
            26.0929
          ],
          [
            -40.26965234782785,
            -20.22734766597501,
            26.0929
          ],
          [
            -40.26989570656208,
            -20.22809158078013,
            26.0929
          ],
          [
            -40.26993644119283,
            -20.22840947755652,
            26.0929
          ],
          [
            -40.27016421879189,
            -20.22923437440483,
            26.0929
          ],
          [
            -40.27032770685366,
            -20.22974527343119,
            26.0929
          ],
          [
            -40.27041621758337,
            -20.23010011136269,
            26.0929
          ],
          [
            -40.27049994015086,
            -20.23027648529039,
            26.0929
          ],
          [
            -40.27041113836317,
            -20.23031374248534,
            26.0929
          ],
          [
            -40.2703390333965,
            -20.23036666907864,
            26.0929
          ],
          [
            -40.27030374948239,
            -20.23050870794865,
            26.0929
          ],
          [
            -40.27019358856678,
            -20.23093743371883,
            26.0929
          ],
          [
            -40.27016594057453,
            -20.23104604723426,
            26.0929
          ],
          [
            -40.27018409247857,
            -20.23107934877296,
            26.0929
          ],
          [
            -40.27023557214437,
            -20.23110979217386,
            26.0929
          ],
          [
            -40.27030025691247,
            -20.23110240114182,
            26.0929
          ],
          [
            -40.27032869917029,
            -20.2310714638343,
            26.0929
          ],
          [
            -40.27040570349777,
            -20.23077724797512,
            26.0929
          ]
        ]
      },
      "properties": {
        "data_versao": "07_12_2025",
        "tipo_linha": "Praias",
        "codigo_linha": "840",
        "itinerario": "840I",
        "terminal_origem": "não integrada",
        "terminal_destino": "não integrada"
      }
    },
    {
      "type": "Feature",
      "geometry": {
        "type": "LineString",
        "coordinates": [
          [
            -40.27013506123181,
            -20.23093734556208,
            32.82227
          ],
          [
            -40.27029667855183,
            -20.23037932089014,
            32.82227
          ],
          [
            -40.27031611371556,
            -20.23031383489265,
            32.82227
          ],
          [
            -40.27046800135943,
            -20.23019179522308,
            32.82227
          ],
          [
            -40.27056060510933,
            -20.23036219727123,
            32.82227
          ],
          [
            -40.27107347645259,
            -20.23118054936993,
            32.82227
          ],
          [
            -40.27113855289561,
            -20.23130094037532,
            32.82227
          ],
          [
            -40.27142231308648,
            -20.2317710028548,
            32.82227
          ],
          [
            -40.27044177709578,
            -20.23235950427299,
            32.82227
          ],
          [
            -40.27004147887189,
            -20.23183932521782,
            32.82227
          ],
          [
            -40.26977264956873,
            -20.23142064476075,
            32.82227
          ],
          [
            -40.26910057250611,
            -20.23053301603381,
            32.82227
          ],
          [
            -40.26895690294906,
            -20.23032004300444,
            32.82227
          ],
          [
            -40.26889330106012,
            -20.23022038342935,
            32.82227
          ],
          [
            -40.26884628483263,
            -20.2301519776532,
            32.82227
          ],
          [
            -40.26881643398104,
            -20.23007779678032,
            32.82227
          ],
          [
            -40.26880577975987,
            -20.22994927658157,
            32.82227
          ],
          [
            -40.26881866186594,
            -20.22988460715859,
            32.82227
          ],
          [
            -40.26890657412458,
            -20.22966450446805,
            32.82227
          ],
          [
            -40.26919862790967,
            -20.22926844402873,
            32.82227
          ],
          [
            -40.26961695293648,
            -20.22875477409783,
            32.82227
          ],
          [
            -40.26969263575569,
            -20.22854327982153,
            32.82227
          ],
          [
            -40.26973004470543,
            -20.22832036475946,
            32.82227
          ],
          [
            -40.26973956474949,
            -20.22812815907557,
            32.82227
          ],
          [
            -40.2694344152135,
            -20.22692354483001,
            32.82227
          ],
          [
            -40.26931458134833,
            -20.22671225968444,
            32.82227
          ],
          [
            -40.26922095893587,
            -20.22657965092513,
            32.82227
          ],
          [
            -40.2690785798739,
            -20.22645802219511,
            32.82227
          ],
          [
            -40.2687853512983,
            -20.22627267429182,
            32.82227
          ],
          [
            -40.26669971144774,
            -20.22502391284678,
            32.82227
          ],
          [
            -40.26647348667214,
            -20.22489844471894,
            32.82227
          ],
          [
            -40.26631371726471,
            -20.22482963126552,
            32.82227
          ],
          [
            -40.26609152367334,
            -20.22478898446025,
            32.82227
          ],
          [
            -40.26497952737587,
            -20.22458757521511,
            32.82227
          ],
          [
            -40.26269785370464,
            -20.22407241201805,
            32.82227
          ],
          [
            -40.26238253279054,
            -20.22401234144835,
            32.82227
          ],
          [
            -40.26222863044826,
            -20.22403187940358,
            32.82227
          ],
          [
            -40.26209119905657,
            -20.22406678548061,
            32.82227
          ],
          [
            -40.26187390906333,
            -20.22423146046722,
            32.82227
          ],
          [
            -40.26140741565055,
            -20.2245016702766,
            32.82227
          ],
          [
            -40.26129749609448,
            -20.22450568291843,
            32.82227
          ],
          [
            -40.26119290938159,
            -20.22447979849649,
            32.82227
          ],
          [
            -40.26115143902385,
            -20.22444907772369,
            32.82227
          ],
          [
            -40.26110835870912,
            -20.22437526066776,
            32.82227
          ],
          [
            -40.26110571052625,
            -20.22426803049425,
            32.82227
          ],
          [
            -40.26113268118537,
            -20.22417895553467,
            32.82227
          ],
          [
            -40.26128161523593,
            -20.2240378134211,
            32.82227
          ],
          [
            -40.26179984445192,
            -20.22367602138306,
            32.82227
          ],
          [
            -40.26183377075095,
            -20.22363766803541,
            32.82227
          ],
          [
            -40.26184413960379,
            -20.22352577735025,
            32.82227
          ],
          [
            -40.26180601731692,
            -20.22339879890604,
            32.82227
          ],
          [
            -40.26169078610826,
            -20.22329505489771,
            32.82227
          ],
          [
            -40.26141869992517,
            -20.22311958534598,
            32.82227
          ],
          [
            -40.26058462645285,
            -20.22283284631118,
            32.82227
          ],
          [
            -40.26012517884436,
            -20.22264556969622,
            32.82227
          ],
          [
            -40.25939392487124,
            -20.22233630873211,
            32.82227
          ],
          [
            -40.2581749978911,
            -20.22182568315567,
            32.82227
          ],
          [
            -40.25594557219112,
            -20.22082863819035,
            32.82227
          ],
          [
            -40.25337337350952,
            -20.21968857688836,
            32.82227
          ],
          [
            -40.25072890807362,
            -20.21854893211722,
            32.82227
          ],
          [
            -40.24801610970678,
            -20.21737908401077,
            32.82227
          ],
          [
            -40.2458859303405,
            -20.21648374062337,
            32.82227
          ],
          [
            -40.24349956097917,
            -20.21548755487201,
            32.82227
          ],
          [
            -40.24135612228484,
            -20.21456426097144,
            32.82227
          ],
          [
            -40.24071762479416,
            -20.21428289144008,
            32.82227
          ],
          [
            -40.23821615914137,
            -20.21317373194264,
            32.82227
          ],
          [
            -40.23775081542313,
            -20.21299898322389,
            32.82227
          ],
          [
            -40.23756011638142,
            -20.21308155797126,
            32.82227
          ],
          [
            -40.23742913629377,
            -20.21319411583516,
            32.82227
          ],
          [
            -40.2373689269323,
            -20.21329553066594,
            32.82227
          ],
          [
            -40.2373342086532,
            -20.21346297290131,
            32.82227
          ],
          [
            -40.23736634616567,
            -20.21360449207159,
            32.82227
          ],
          [
            -40.23744715980886,
            -20.2137817610115,
            32.82227
          ],
          [
            -40.23762511154398,
            -20.21415805530486,
            32.82227
          ],
          [
            -40.23760660984696,
            -20.21433710171829,
            32.82227
          ],
          [
            -40.23751930278402,
            -20.21455139888125,
            32.82227
          ],
          [
            -40.23741933954076,
            -20.21473461915567,
            32.82227
          ],
          [
            -40.23727982377105,
            -20.21490645902949,
            32.82227
          ],
          [
            -40.23715646269511,
            -20.21496853642208,
            32.82227
          ],
          [
            -40.23696157194966,
            -20.21498020438861,
            32.82227
          ],
          [
            -40.23663300202962,
            -20.21501456897951,
            32.82227
          ],
          [
            -40.23641366322683,
            -20.21501572623047,
            32.82227
          ],
          [
            -40.23628415529998,
            -20.21498329664629,
            32.82227
          ],
          [
            -40.23687396485741,
            -20.21373721610124,
            32.82227
          ],
          [
            -40.23631706897837,
            -20.21346675652923,
            32.82227
          ],
          [
            -40.23609421392776,
            -20.21335095344861,
            32.82227
          ],
          [
            -40.23585759702852,
            -20.21324391882274,
            32.82227
          ],
          [
            -40.23579200603648,
            -20.21324658195229,
            32.82227
          ],
          [
            -40.23518759342507,
            -20.21299258958426,
            32.82227
          ],
          [
            -40.23411013282415,
            -20.21257590063097,
            32.82227
          ],
          [
            -40.23356878235934,
            -20.2123874283527,
            32.82227
          ],
          [
            -40.23335990979841,
            -20.21232387250088,
            32.82227
          ],
          [
            -40.233216785007,
            -20.21231047186877,
            32.82227
          ],
          [
            -40.23305078970193,
            -20.21233877941749,
            32.82227
          ],
          [
            -40.23141888113701,
            -20.21279186101727,
            32.82227
          ],
          [
            -40.23109977555176,
            -20.21293585409207,
            32.82227
          ],
          [
            -40.2308950050869,
            -20.21303476282848,
            32.82227
          ],
          [
            -40.23054194816525,
            -20.21327028053769,
            32.82227
          ],
          [
            -40.23023923512033,
            -20.21353310680207,
            32.82227
          ],
          [
            -40.22998206760114,
            -20.21380784354736,
            32.82227
          ],
          [
            -40.22974918049753,
            -20.2139559088115,
            32.82227
          ],
          [
            -40.22951795491578,
            -20.21406104887285,
            32.82227
          ],
          [
            -40.22924065565292,
            -20.21411884780645,
            32.82227
          ],
          [
            -40.22887769045067,
            -20.21413916253868,
            32.82227
          ],
          [
            -40.22851017245755,
            -20.21404219404192,
            32.82227
          ],
          [
            -40.22797266414413,
            -20.2138770649321,
            32.82227
          ],
          [
            -40.2272191870951,
            -20.21361415360357,
            32.82227
          ],
          [
            -40.22686216177481,
            -20.21348377540954,
            32.82227
          ],
          [
            -40.22659641406901,
            -20.21333117137192,
            32.82227
          ],
          [
            -40.22640010987426,
            -20.21318959955933,
            32.82227
          ],
          [
            -40.22636887226391,
            -20.21308555131037,
            32.82227
          ],
          [
            -40.22629126684963,
            -20.21302116996392,
            32.82227
          ],
          [
            -40.22495681288303,
            -20.21245358706801,
            32.82227
          ],
          [
            -40.22382621517591,
            -20.21195487137029,
            32.82227
          ],
          [
            -40.22344067228657,
            -20.21183522559431,
            32.82227
          ],
          [
            -40.22257761078379,
            -20.21163151918654,
            32.82227
          ],
          [
            -40.22096904517333,
            -20.21128562532236,
            32.82227
          ],
          [
            -40.22023117678148,
            -20.2114041932429,
            32.82227
          ],
          [
            -40.22004312561807,
            -20.21147259884343,
            32.82227
          ],
          [
            -40.21978215226952,
            -20.21160581966058,
            32.82227
          ],
          [
            -40.21965548885878,
            -20.21178947211914,
            32.82227
          ],
          [
            -40.21967850737458,
            -20.2118470951632,
            32.82227
          ],
          [
            -40.21982521089137,
            -20.21293562561457,
            32.82227
          ],
          [
            -40.21987541598084,
            -20.21322030872203,
            32.82227
          ],
          [
            -40.22002525427217,
            -20.21435733586228,
            32.82227
          ],
          [
            -40.22002623144068,
            -20.21472132887653,
            32.82227
          ],
          [
            -40.21992490965382,
            -20.21516739976672,
            32.82227
          ],
          [
            -40.2198094061534,
            -20.21540420213145,
            32.82227
          ],
          [
            -40.21958934356685,
            -20.21562246803349,
            32.82227
          ],
          [
            -40.21895051618692,
            -20.21613855455777,
            32.82227
          ],
          [
            -40.21748362265946,
            -20.21727712524007,
            32.82227
          ],
          [
            -40.21495019739891,
            -20.21924785037416,
            32.82227
          ],
          [
            -40.21373621383271,
            -20.22016811828797,
            32.82227
          ],
          [
            -40.21358623070073,
            -20.22024541698966,
            32.82227
          ],
          [
            -40.21322988327103,
            -20.22037411944829,
            32.82227
          ],
          [
            -40.2120448273938,
            -20.22061116572725,
            32.82227
          ],
          [
            -40.21034963901305,
            -20.22095227546944,
            32.82227
          ],
          [
            -40.21012274856554,
            -20.22101640427786,
            32.82227
          ],
          [
            -40.21008410768948,
            -20.22105529073383,
            32.82227
          ],
          [
            -40.21007347662591,
            -20.22112897502485,
            32.82227
          ],
          [
            -40.21114729500032,
            -20.22386115858035,
            32.82227
          ],
          [
            -40.21169453748038,
            -20.22530189327257,
            32.82227
          ],
          [
            -40.21171483051084,
            -20.2254173057888,
            32.82227
          ],
          [
            -40.21168282452105,
            -20.22552997072011,
            32.82227
          ],
          [
            -40.21160422933153,
            -20.22572616922462,
            32.82227
          ],
          [
            -40.21113726252133,
            -20.22672479039821,
            32.82227
          ],
          [
            -40.21107792264917,
            -20.22678385726933,
            32.82227
          ],
          [
            -40.21103935389532,
            -20.22678764487069,
            32.82227
          ],
          [
            -40.21093480789153,
            -20.22675073459606,
            32.82227
          ],
          [
            -40.21001519723085,
            -20.2263562226782,
            32.82227
          ],
          [
            -40.2092906545072,
            -20.22602426078616,
            32.82227
          ],
          [
            -40.20923425876925,
            -20.22603948659856,
            32.82227
          ],
          [
            -40.20852959112054,
            -20.22644446223326,
            32.82227
          ],
          [
            -40.20705402820499,
            -20.22413786103478,
            32.82227
          ],
          [
            -40.20523296251501,
            -20.22196607580547,
            32.82227
          ],
          [
            -40.20672230736984,
            -20.22162429418789,
            32.82227
          ],
          [
            -40.20775636136747,
            -20.22141366911414,
            32.82227
          ]
        ]
      },
      "properties": {
        "data_versao": "07_12_2025",
        "tipo_linha": "Praias",
        "codigo_linha": "850",
        "itinerario": "850V",
        "terminal_origem": "não integrada",
        "terminal_destino": "não integrada"
      }
    },
    {
      "type": "Feature",
      "geometry": {
        "type": "LineString",
        "coordinates": [
          [
            -40.20768067653517,
            -20.22148827939051,
            9.269897
          ],
          [
            -40.20519905491678,
            -20.22202263264067,
            9.269897
          ],
          [
            -40.206994505123,
            -20.22412685486309,
            9.269897
          ],
          [
            -40.20782479403463,
            -20.22529937474854,
            9.269897
          ],
          [
            -40.20858983125929,
            -20.22643781692939,
            9.269897
          ],
          [
            -40.2092296635847,
            -20.22599918419404,
            9.269897
          ],
          [
            -40.20935395013353,
            -20.22597191818642,
            9.269897
          ],
          [
            -40.21111464529178,
            -20.22672889944563,
            9.269897
          ],
          [
            -40.21116399178423,
            -20.22670920217822,
            9.269897
          ],
          [
            -40.21170946826082,
            -20.22559480730715,
            9.269897
          ],
          [
            -40.21175433063183,
            -20.22536705321222,
            9.269897
          ],
          [
            -40.21169723474285,
            -20.22515208560132,
            9.269897
          ],
          [
            -40.21136552209994,
            -20.22425538692262,
            9.269897
          ],
          [
            -40.21103640374541,
            -20.22343797497808,
            9.269897
          ],
          [
            -40.21063558806966,
            -20.22241101693393,
            9.269897
          ],
          [
            -40.21030319326673,
            -20.22157810960405,
            9.269897
          ],
          [
            -40.21011908107526,
            -20.22110127945589,
            9.269897
          ],
          [
            -40.21010841484151,
            -20.2210113054,
            9.269897
          ],
          [
            -40.21017690689344,
            -20.22092702263313,
            9.269897
          ],
          [
            -40.21045205004369,
            -20.22087793760647,
            9.269897
          ],
          [
            -40.21314626609553,
            -20.22034800107788,
            9.269897
          ],
          [
            -40.21335245849247,
            -20.22029228686728,
            9.269897
          ],
          [
            -40.21358896928987,
            -20.22020679110229,
            9.269897
          ],
          [
            -40.21376530749805,
            -20.22010157266203,
            9.269897
          ],
          [
            -40.21504161563858,
            -20.21909186787711,
            9.269897
          ],
          [
            -40.21717618892077,
            -20.21745415703019,
            9.269897
          ],
          [
            -40.21901301558025,
            -20.21610768292463,
            9.269897
          ],
          [
            -40.21946210575558,
            -20.21577400777598,
            9.269897
          ],
          [
            -40.219650920394,
            -20.21560354473228,
            9.269897
          ],
          [
            -40.21986439505328,
            -20.21530441415465,
            9.269897
          ],
          [
            -40.21996817796079,
            -20.21498779507218,
            9.269897
          ],
          [
            -40.22003246104357,
            -20.2146731663555,
            9.269897
          ],
          [
            -40.22000621732573,
            -20.21418212929106,
            9.269897
          ],
          [
            -40.2197965871584,
            -20.21290759300996,
            9.269897
          ],
          [
            -40.21968943548458,
            -20.2122483986934,
            9.269897
          ],
          [
            -40.21961835232811,
            -20.21181191962481,
            9.269897
          ],
          [
            -40.21956108355354,
            -20.21176488418222,
            9.269897
          ],
          [
            -40.21946084920991,
            -20.21179510674313,
            9.269897
          ],
          [
            -40.21929617848524,
            -20.21184547750913,
            9.269897
          ],
          [
            -40.219213846735,
            -20.21184210936041,
            9.269897
          ],
          [
            -40.21916374209086,
            -20.21175812284489,
            9.269897
          ],
          [
            -40.2192986622596,
            -20.21162078639238,
            9.269897
          ],
          [
            -40.21952075349743,
            -20.21151144507659,
            9.269897
          ],
          [
            -40.21990136450565,
            -20.21143832059235,
            9.269897
          ],
          [
            -40.22016771042373,
            -20.21134669057603,
            9.269897
          ],
          [
            -40.22036864457773,
            -20.2112872618242,
            9.269897
          ],
          [
            -40.22062681690909,
            -20.21122902503015,
            9.269897
          ],
          [
            -40.22090341196933,
            -20.21122905385372,
            9.269897
          ],
          [
            -40.22113316211092,
            -20.21124568264214,
            9.269897
          ],
          [
            -40.22160386878958,
            -20.21134549973295,
            9.269897
          ],
          [
            -40.22203243623863,
            -20.21143802764929,
            9.269897
          ],
          [
            -40.22306783914652,
            -20.21166932272092,
            9.269897
          ],
          [
            -40.22355440221764,
            -20.21179099849286,
            9.269897
          ],
          [
            -40.22379441238247,
            -20.21186477406545,
            9.269897
          ],
          [
            -40.22437399733695,
            -20.21209833779574,
            9.269897
          ],
          [
            -40.22591690190458,
            -20.21277216866518,
            9.269897
          ],
          [
            -40.22665018658053,
            -20.21301317331896,
            9.269897
          ],
          [
            -40.22679806335241,
            -20.2130783723141,
            9.269897
          ],
          [
            -40.22687914180526,
            -20.21317649081815,
            9.269897
          ],
          [
            -40.22686296310045,
            -20.21333210691506,
            9.269897
          ],
          [
            -40.22714650474799,
            -20.21351293740428,
            9.269897
          ],
          [
            -40.22813351430017,
            -20.21385196399409,
            9.269897
          ],
          [
            -40.22881182682787,
            -20.21405864247734,
            9.269897
          ],
          [
            -40.22896652610542,
            -20.21411054492132,
            9.269897
          ],
          [
            -40.2292194632735,
            -20.21409823871208,
            9.269897
          ],
          [
            -40.22943512395648,
            -20.214075517333,
            9.269897
          ],
          [
            -40.2297632797688,
            -20.21393826568686,
            9.269897
          ],
          [
            -40.23001630355578,
            -20.21377644310442,
            9.269897
          ],
          [
            -40.23040806265666,
            -20.21340888997294,
            9.269897
          ],
          [
            -40.23069327773801,
            -20.21315100684756,
            9.269897
          ],
          [
            -40.23099009487201,
            -20.21295727486862,
            9.269897
          ],
          [
            -40.23128138789371,
            -20.2128309769704,
            9.269897
          ],
          [
            -40.23186125945334,
            -20.21263765181001,
            9.269897
          ],
          [
            -40.23304866506089,
            -20.2123049535351,
            9.269897
          ],
          [
            -40.23331122592616,
            -20.21226793133845,
            9.269897
          ],
          [
            -40.23360713679603,
            -20.21231462066856,
            9.269897
          ],
          [
            -40.23509462221878,
            -20.21285674061694,
            9.269897
          ],
          [
            -40.23568469828308,
            -20.21309122570279,
            9.269897
          ],
          [
            -40.23586240066482,
            -20.21317475382109,
            9.269897
          ],
          [
            -40.23598986689583,
            -20.21321795189588,
            9.269897
          ],
          [
            -40.23607466716601,
            -20.21318853046279,
            9.269897
          ],
          [
            -40.2361718147973,
            -20.21307184959408,
            9.269897
          ],
          [
            -40.23622816490014,
            -20.21300261409245,
            9.269897
          ],
          [
            -40.2363373199115,
            -20.21294077563137,
            9.269897
          ],
          [
            -40.23704934291213,
            -20.21273915159802,
            9.269897
          ],
          [
            -40.23725592751107,
            -20.2127539072433,
            9.269897
          ],
          [
            -40.23759726990333,
            -20.2128267239772,
            9.269897
          ],
          [
            -40.23919629911946,
            -20.21352081816697,
            9.269897
          ],
          [
            -40.23979857400001,
            -20.2137733956588,
            9.269897
          ],
          [
            -40.24082586419709,
            -20.21421146911424,
            9.269897
          ],
          [
            -40.24152555302683,
            -20.21449396666799,
            9.269897
          ],
          [
            -40.24273338837716,
            -20.21502396021143,
            9.269897
          ],
          [
            -40.24349072935507,
            -20.21533711547365,
            9.269897
          ],
          [
            -40.2441358001246,
            -20.21561656550634,
            9.269897
          ],
          [
            -40.24478135130716,
            -20.21588630202256,
            9.269897
          ],
          [
            -40.24572940070004,
            -20.21630046824449,
            9.269897
          ],
          [
            -40.24689305894415,
            -20.21680095174763,
            9.269897
          ],
          [
            -40.24785953338154,
            -20.21721015688293,
            9.269897
          ],
          [
            -40.24899567585296,
            -20.21769545692009,
            9.269897
          ],
          [
            -40.24978751039826,
            -20.21802064613948,
            9.269897
          ],
          [
            -40.25135061297719,
            -20.21869263192648,
            9.269897
          ],
          [
            -40.25279149495444,
            -20.21932209782735,
            9.269897
          ],
          [
            -40.25351346311631,
            -20.21963056801218,
            9.269897
          ],
          [
            -40.25468007697612,
            -20.22014116623643,
            9.269897
          ],
          [
            -40.25889083494271,
            -20.22201028262671,
            9.269897
          ],
          [
            -40.25923301449868,
            -20.22214997561379,
            9.269897
          ],
          [
            -40.25971151542656,
            -20.22235639933469,
            9.269897
          ],
          [
            -40.26074709438737,
            -20.22280142383407,
            9.269897
          ],
          [
            -40.26134063864311,
            -20.22299712759643,
            9.269897
          ],
          [
            -40.26157538420044,
            -20.22309350087665,
            9.269897
          ],
          [
            -40.26193922331071,
            -20.22331744650277,
            9.269897
          ],
          [
            -40.26209775544348,
            -20.223381483781,
            9.269897
          ],
          [
            -40.26259695337154,
            -20.22340998665417,
            9.269897
          ],
          [
            -40.26341105846216,
            -20.22322512057449,
            9.269897
          ],
          [
            -40.26576267876268,
            -20.22272799767174,
            9.269897
          ],
          [
            -40.26595871461571,
            -20.22271935989117,
            9.269897
          ],
          [
            -40.26606440948868,
            -20.22311892899347,
            9.269897
          ],
          [
            -40.26630192696952,
            -20.22400655852694,
            9.269897
          ],
          [
            -40.26648173448852,
            -20.22462453821416,
            9.269897
          ],
          [
            -40.2666444956819,
            -20.2247719272219,
            9.269897
          ],
          [
            -40.26733594377162,
            -20.22523136436201,
            9.269897
          ],
          [
            -40.26777317445187,
            -20.22551071179681,
            9.269897
          ],
          [
            -40.26843675003598,
            -20.22588433383449,
            9.269897
          ],
          [
            -40.26897189851435,
            -20.22620855141629,
            9.269897
          ],
          [
            -40.26928261221418,
            -20.22642363069195,
            9.269897
          ],
          [
            -40.26941796169009,
            -20.2265574628387,
            9.269897
          ],
          [
            -40.26958701532658,
            -20.22684394394551,
            9.269897
          ],
          [
            -40.26967484736679,
            -20.22710982917152,
            9.269897
          ],
          [
            -40.26985681679452,
            -20.22783122680739,
            9.269897
          ],
          [
            -40.27004078677074,
            -20.22859905846793,
            9.269897
          ],
          [
            -40.27008123149805,
            -20.22884641943524,
            9.269897
          ],
          [
            -40.27013673043413,
            -20.2295481940681,
            9.269897
          ],
          [
            -40.27016016319836,
            -20.22981402404393,
            9.269897
          ],
          [
            -40.26990559686272,
            -20.23010113052039,
            9.269897
          ],
          [
            -40.26980029778565,
            -20.23025980447743,
            9.269897
          ],
          [
            -40.26967909967739,
            -20.23081055373476,
            9.269897
          ],
          [
            -40.26975537249146,
            -20.23096844243719,
            9.269897
          ]
        ]
      },
      "properties": {
        "data_versao": "07_12_2025",
        "tipo_linha": "Praias",
        "codigo_linha": "850",
        "itinerario": "850I",
        "terminal_origem": "não integrada",
        "terminal_destino": "não integrada"
      }
    },
    {
      "type": "Feature",
      "geometry": {
        "type": "LineString",
        "coordinates": [
          [
            -40.25617527681329,
            -20.19346965344759,
            26.0929
          ],
          [
            -40.25644984954805,
            -20.1934474903426,
            26.0929
          ],
          [
            -40.2565921786081,
            -20.19348848911114,
            26.0929
          ],
          [
            -40.25674772479825,
            -20.19351937965691,
            26.0929
          ],
          [
            -40.25680091567749,
            -20.19439701040671,
            26.0929
          ],
          [
            -40.25674407285964,
            -20.19446603685538,
            26.0929
          ],
          [
            -40.25664027837792,
            -20.19449822593301,
            26.0929
          ],
          [
            -40.25497877849413,
            -20.19461227946335,
            26.0929
          ],
          [
            -40.25450999562612,
            -20.19464817971834,
            26.0929
          ],
          [
            -40.25030452952549,
            -20.19491234375841,
            26.0929
          ],
          [
            -40.24676307099614,
            -20.19514341777348,
            26.0929
          ],
          [
            -40.24629813316307,
            -20.19517882690178,
            26.0929
          ],
          [
            -40.24607583138233,
            -20.19521183126139,
            26.0929
          ],
          [
            -40.24587973972334,
            -20.19526021250056,
            26.0929
          ],
          [
            -40.24540567921908,
            -20.19545180921781,
            26.0929
          ],
          [
            -40.24502863254784,
            -20.1955802828147,
            26.0929
          ],
          [
            -40.24481310436927,
            -20.19566012706554,
            26.0929
          ],
          [
            -40.24456318402066,
            -20.19575903036128,
            26.0929
          ],
          [
            -40.24434807537576,
            -20.19582028526555,
            26.0929
          ],
          [
            -40.24415342457889,
            -20.19585041473003,
            26.0929
          ],
          [
            -40.24391129022438,
            -20.19584397768061,
            26.0929
          ],
          [
            -40.24372602902132,
            -20.19581090884971,
            26.0929
          ],
          [
            -40.24352289140651,
            -20.19573217773973,
            26.0929
          ],
          [
            -40.24339894667991,
            -20.19566682759599,
            26.0929
          ],
          [
            -40.24317565642659,
            -20.19548090448706,
            26.0929
          ],
          [
            -40.24302031250252,
            -20.19527788567789,
            26.0929
          ],
          [
            -40.24292937804207,
            -20.19501310241533,
            26.0929
          ],
          [
            -40.24289026135569,
            -20.19470934863296,
            26.0929
          ],
          [
            -40.24292085983776,
            -20.19444720439821,
            26.0929
          ],
          [
            -40.24302055426821,
            -20.19423217791109,
            26.0929
          ],
          [
            -40.24317247905378,
            -20.19403262159482,
            26.0929
          ],
          [
            -40.24329565647624,
            -20.19390953982203,
            26.0929
          ],
          [
            -40.24330680129867,
            -20.19390781341961,
            26.0929
          ],
          [
            -40.24342724412814,
            -20.19381434402799,
            26.0929
          ],
          [
            -40.24356033068969,
            -20.19372979718254,
            26.0929
          ],
          [
            -40.24366372836857,
            -20.19366177169828,
            26.0929
          ],
          [
            -40.24367420751321,
            -20.19358443279788,
            26.0929
          ],
          [
            -40.24357853387222,
            -20.19140024550759,
            26.0929
          ],
          [
            -40.24345509090025,
            -20.18805209465703,
            26.0929
          ],
          [
            -40.2434003753475,
            -20.18762607078474,
            26.0929
          ],
          [
            -40.24330972646109,
            -20.18730881680578,
            26.0929
          ],
          [
            -40.24314099551322,
            -20.1868549597331,
            26.0929
          ],
          [
            -40.24293969087478,
            -20.18654476351284,
            26.0929
          ],
          [
            -40.24280371065466,
            -20.18637061058294,
            26.0929
          ],
          [
            -40.24256775315364,
            -20.18611148280696,
            26.0929
          ],
          [
            -40.24231373093851,
            -20.18590807844511,
            26.0929
          ],
          [
            -40.24206872444572,
            -20.18574666272671,
            26.0929
          ],
          [
            -40.24177262947963,
            -20.185599633552,
            26.0929
          ],
          [
            -40.2405300715912,
            -20.18501743458557,
            26.0929
          ],
          [
            -40.23552448867775,
            -20.18270279722958,
            26.0929
          ],
          [
            -40.23244622753062,
            -20.18128722430829,
            26.0929
          ],
          [
            -40.22841799528496,
            -20.17940550182224,
            26.0929
          ],
          [
            -40.22735099386241,
            -20.17883612218938,
            26.0929
          ],
          [
            -40.22597397988871,
            -20.17793399509998,
            26.0929
          ],
          [
            -40.22522488613453,
            -20.17743766071762,
            26.0929
          ],
          [
            -40.22483349290992,
            -20.17723651888224,
            26.0929
          ],
          [
            -40.22451081846599,
            -20.1770762151346,
            26.0929
          ],
          [
            -40.22406290628758,
            -20.17688201160572,
            26.0929
          ],
          [
            -40.2236502517129,
            -20.17671467992332,
            26.0929
          ],
          [
            -40.22318133599632,
            -20.17650594777971,
            26.0929
          ],
          [
            -40.22277308573379,
            -20.17629346203353,
            26.0929
          ],
          [
            -40.22239032581283,
            -20.17607283431688,
            26.0929
          ],
          [
            -40.22187667467465,
            -20.17575120912539,
            26.0929
          ],
          [
            -40.22157419303625,
            -20.17556926428107,
            26.0929
          ],
          [
            -40.2214136735471,
            -20.17548118667598,
            26.0929
          ],
          [
            -40.22117300676938,
            -20.17540138217203,
            26.0929
          ],
          [
            -40.22092735013569,
            -20.17535519428253,
            26.0929
          ],
          [
            -40.22063732163226,
            -20.17531241753436,
            26.0929
          ],
          [
            -40.22044042684416,
            -20.17524855959583,
            26.0929
          ],
          [
            -40.22031154553595,
            -20.17517920463145,
            26.0929
          ],
          [
            -40.22019777261838,
            -20.17509281506887,
            26.0929
          ],
          [
            -40.22006209393324,
            -20.17493956283896,
            26.0929
          ],
          [
            -40.21995334102128,
            -20.17476813048655,
            26.0929
          ],
          [
            -40.21980197354329,
            -20.17446505623183,
            26.0929
          ],
          [
            -40.21940022816993,
            -20.17353344342769,
            26.0929
          ],
          [
            -40.21925224315773,
            -20.17336349528559,
            26.0929
          ],
          [
            -40.21905428967801,
            -20.17324975342827,
            26.0929
          ],
          [
            -40.21813006141987,
            -20.17286344650781,
            26.0929
          ],
          [
            -40.21565314666142,
            -20.17186547262788,
            26.0929
          ],
          [
            -40.21523024714409,
            -20.17167266815046,
            26.0929
          ],
          [
            -40.21492914458404,
            -20.17146718098379,
            26.0929
          ],
          [
            -40.21427606913848,
            -20.17092769630884,
            26.0929
          ],
          [
            -40.21360960666863,
            -20.17029876658209,
            26.0929
          ],
          [
            -40.21342485205669,
            -20.17019795200568,
            26.0929
          ],
          [
            -40.21311159240182,
            -20.17015077161039,
            26.0929
          ],
          [
            -40.21183836786888,
            -20.17008842538546,
            26.0929
          ],
          [
            -40.21126248119472,
            -20.17002447343136,
            26.0929
          ],
          [
            -40.21073219485501,
            -20.16992694523244,
            26.0929
          ],
          [
            -40.20862626338747,
            -20.16947913946477,
            26.0929
          ],
          [
            -40.20736364203631,
            -20.16922125677449,
            26.0929
          ],
          [
            -40.20711753418778,
            -20.16915709759322,
            26.0929
          ],
          [
            -40.20690329487771,
            -20.16907267608206,
            26.0929
          ],
          [
            -40.20668894665997,
            -20.16896604157323,
            26.0929
          ],
          [
            -40.20584819806382,
            -20.16835061114255,
            26.0929
          ],
          [
            -40.2055693418691,
            -20.16814352366942,
            26.0929
          ],
          [
            -40.20519464016611,
            -20.16791559886965,
            26.0929
          ],
          [
            -40.20469349426929,
            -20.16766892173093,
            26.0929
          ],
          [
            -40.20410019015328,
            -20.1674474588451,
            26.0929
          ],
          [
            -40.20360828599773,
            -20.16730341156037,
            26.0929
          ],
          [
            -40.2024785441406,
            -20.16712178808471,
            26.0929
          ],
          [
            -40.20239054841961,
            -20.16708267919415,
            26.0929
          ],
          [
            -40.20186669599214,
            -20.1670549220255,
            26.0929
          ],
          [
            -40.20127008883014,
            -20.1669494188904,
            26.0929
          ],
          [
            -40.20112821272075,
            -20.16683790393508,
            26.0929
          ],
          [
            -40.20049088478945,
            -20.16668632492573,
            26.0929
          ],
          [
            -40.20010691679622,
            -20.16649588894056,
            26.0929
          ],
          [
            -40.19929654503969,
            -20.16616775001717,
            26.0929
          ],
          [
            -40.19845044069566,
            -20.16573591202679,
            26.0929
          ],
          [
            -40.19803408982735,
            -20.16550386700789,
            26.0929
          ],
          [
            -40.19780588485764,
            -20.16533967256948,
            26.0929
          ],
          [
            -40.19762550939461,
            -20.16518340514731,
            26.0929
          ],
          [
            -40.19747240675012,
            -20.16502104381334,
            26.0929
          ],
          [
            -40.19733382482962,
            -20.16484287651491,
            26.0929
          ],
          [
            -40.19719634064172,
            -20.16464770921065,
            26.0929
          ],
          [
            -40.19705560327047,
            -20.164294058072,
            26.0929
          ],
          [
            -40.19689634267618,
            -20.16386114248531,
            26.0929
          ],
          [
            -40.19648550042924,
            -20.16279436356036,
            26.0929
          ],
          [
            -40.19639464552267,
            -20.1624462152548,
            26.0929
          ],
          [
            -40.19626641928632,
            -20.16146153700074,
            26.0929
          ],
          [
            -40.19618270537092,
            -20.16106321003346,
            26.0929
          ],
          [
            -40.19601151809961,
            -20.16054112376617,
            26.0929
          ],
          [
            -40.19560237466929,
            -20.160088385446,
            26.0929
          ],
          [
            -40.19531463926531,
            -20.15995938292464,
            26.0929
          ],
          [
            -40.19427574354318,
            -20.15971668806798,
            26.0929
          ],
          [
            -40.19396211447568,
            -20.15948909055668,
            26.0929
          ],
          [
            -40.19347822565655,
            -20.15913793173298,
            26.0929
          ],
          [
            -40.19286019897812,
            -20.15837500609603,
            26.0929
          ],
          [
            -40.19230258169537,
            -20.15752899593951,
            26.0929
          ],
          [
            -40.19211964991751,
            -20.15733899633372,
            26.0929
          ],
          [
            -40.19198962250496,
            -20.15730059507692,
            26.0929
          ],
          [
            -40.1918664735684,
            -20.15736447211242,
            26.0929
          ],
          [
            -40.19106180069014,
            -20.15800372592976,
            26.0929
          ],
          [
            -40.19081521325305,
            -20.15825401856534,
            26.0929
          ],
          [
            -40.19055126160399,
            -20.15851042590122,
            26.0929
          ],
          [
            -40.19019753933659,
            -20.15879893881243,
            26.0929
          ],
          [
            -40.18999026207371,
            -20.15888599801242,
            26.0929
          ],
          [
            -40.18973623426677,
            -20.15897860860015,
            26.0929
          ],
          [
            -40.1893970835333,
            -20.15900479847863,
            26.0929
          ],
          [
            -40.18904344964766,
            -20.15896529477577,
            26.0929
          ],
          [
            -40.18878821279262,
            -20.15900466612156,
            26.0929
          ],
          [
            -40.18787210033651,
            -20.15930616464381,
            26.0929
          ],
          [
            -40.18561371885691,
            -20.15960116799125,
            26.0929
          ],
          [
            -40.18552365769678,
            -20.15959511548418,
            26.0929
          ],
          [
            -40.18536850829308,
            -20.15750117384229,
            26.0929
          ],
          [
            -40.18538968968309,
            -20.15691762904766,
            26.0929
          ],
          [
            -40.18541389238212,
            -20.15666654361208,
            26.0929
          ],
          [
            -40.18590024313546,
            -20.15540419520694,
            26.0929
          ],
          [
            -40.18611192934512,
            -20.15474812697263,
            26.0929
          ],
          [
            -40.18620074593695,
            -20.15405454346209,
            26.0929
          ],
          [
            -40.18605173602505,
            -20.15032594874267,
            26.0929
          ],
          [
            -40.18600125881421,
            -20.1486904343545,
            26.0929
          ],
          [
            -40.18595847935425,
            -20.1483690746805,
            26.0929
          ],
          [
            -40.1857203619353,
            -20.1474490963816,
            26.0929
          ],
          [
            -40.18465920275993,
            -20.14347165705937,
            26.0929
          ],
          [
            -40.18396611820329,
            -20.14082054906646,
            26.0929
          ],
          [
            -40.18391762538674,
            -20.1405711276659,
            26.0929
          ],
          [
            -40.18387694884918,
            -20.14023982064708,
            26.0929
          ],
          [
            -40.18377888610527,
            -20.13770692857103,
            26.0929
          ],
          [
            -40.18362885990174,
            -20.13380397742472,
            26.0929
          ],
          [
            -40.18358893884429,
            -20.13345432409154,
            26.0929
          ],
          [
            -40.18348938279883,
            -20.13314613365068,
            26.0929
          ],
          [
            -40.18169301535468,
            -20.12893079116958,
            26.0929
          ],
          [
            -40.18070610684777,
            -20.12661333727315,
            26.0929
          ],
          [
            -40.17878452455845,
            -20.12218997560896,
            26.0929
          ],
          [
            -40.17652486206767,
            -20.11692562259031,
            26.0929
          ],
          [
            -40.17579601400455,
            -20.11523965027685,
            26.0929
          ],
          [
            -40.17552406043338,
            -20.11457806569715,
            26.0929
          ],
          [
            -40.17612615271631,
            -20.11434602901934,
            26.0929
          ]
        ]
      },
      "properties": {
        "data_versao": "07_12_2025",
        "tipo_linha": "Praias",
        "codigo_linha": "870",
        "itinerario": "870V",
        "terminal_origem": "não integrada",
        "terminal_destino": "não integrada"
      }
    },
    {
      "type": "Feature",
      "geometry": {
        "type": "LineString",
        "coordinates": [
          [
            -40.17609092094168,
            -20.11442753963134,
            26.0929
          ],
          [
            -40.17560731986507,
            -20.11465314857263,
            26.0929
          ],
          [
            -40.176734008814,
            -20.1171972359154,
            26.0929
          ],
          [
            -40.17762679463586,
            -20.1193172012179,
            26.0929
          ],
          [
            -40.17853500572109,
            -20.1213967301528,
            26.0929
          ],
          [
            -40.17912377484286,
            -20.12280319223889,
            26.0929
          ],
          [
            -40.18003180409512,
            -20.12489814039901,
            26.0929
          ],
          [
            -40.1808524747425,
            -20.12684257937709,
            26.0929
          ],
          [
            -40.18161957950381,
            -20.12862417558904,
            26.0929
          ],
          [
            -40.1825877050905,
            -20.13082158105068,
            26.0929
          ],
          [
            -40.1835964566578,
            -20.13314411285317,
            26.0929
          ],
          [
            -40.18370010717842,
            -20.13345419433523,
            26.0929
          ],
          [
            -40.18378131353543,
            -20.13527630178524,
            26.0929
          ],
          [
            -40.18381835959802,
            -20.13661946591039,
            26.0929
          ],
          [
            -40.18388936952209,
            -20.13843137166156,
            26.0929
          ],
          [
            -40.18390663873793,
            -20.13904619550576,
            26.0929
          ],
          [
            -40.18392889784933,
            -20.13955301562623,
            26.0929
          ],
          [
            -40.18398936047451,
            -20.14041063278008,
            26.0929
          ],
          [
            -40.18402922262066,
            -20.14073734346641,
            26.0929
          ],
          [
            -40.18447037716965,
            -20.14248629183404,
            26.0929
          ],
          [
            -40.18510357572369,
            -20.14481923615523,
            26.0929
          ],
          [
            -40.1857763248923,
            -20.14742462556371,
            26.0929
          ],
          [
            -40.18604589524247,
            -20.1483443126253,
            26.0929
          ],
          [
            -40.18608312010734,
            -20.14883777382109,
            26.0929
          ],
          [
            -40.18616281787156,
            -20.15097720724393,
            26.0929
          ],
          [
            -40.18623516052607,
            -20.15294240414334,
            26.0929
          ],
          [
            -40.18628060997924,
            -20.15402505682316,
            26.0929
          ],
          [
            -40.18622321158089,
            -20.15441848220572,
            26.0929
          ],
          [
            -40.18620169077499,
            -20.15460673575529,
            26.0929
          ],
          [
            -40.1857508081747,
            -20.156039895638,
            26.0929
          ],
          [
            -40.18549199069565,
            -20.1568216036952,
            26.0929
          ],
          [
            -40.18547269826028,
            -20.15756000681039,
            26.0929
          ],
          [
            -40.18551108192519,
            -20.15764975251287,
            26.0929
          ],
          [
            -40.18570329209273,
            -20.1577534423141,
            26.0929
          ],
          [
            -40.18623793824453,
            -20.15798153432947,
            26.0929
          ],
          [
            -40.18665915018407,
            -20.15812904282532,
            26.0929
          ],
          [
            -40.18695330724224,
            -20.15821832817806,
            26.0929
          ],
          [
            -40.18717548544912,
            -20.15823238753628,
            26.0929
          ],
          [
            -40.18742451438168,
            -20.15822310515719,
            26.0929
          ],
          [
            -40.18771664024372,
            -20.15818572509272,
            26.0929
          ],
          [
            -40.18799862300569,
            -20.15806304778308,
            26.0929
          ],
          [
            -40.18822650169987,
            -20.15790013927087,
            26.0929
          ],
          [
            -40.18877704353839,
            -20.15741439108412,
            26.0929
          ],
          [
            -40.18917057133781,
            -20.15721930848922,
            26.0929
          ],
          [
            -40.18945426682286,
            -20.15705723007418,
            26.0929
          ],
          [
            -40.1904851843143,
            -20.15664351031894,
            26.0929
          ],
          [
            -40.1906676648034,
            -20.15658106796839,
            26.0929
          ],
          [
            -40.19092923440297,
            -20.15659155911925,
            26.0929
          ],
          [
            -40.19127868587631,
            -20.1565916253699,
            26.0929
          ],
          [
            -40.19155099916581,
            -20.15670063985545,
            26.0929
          ],
          [
            -40.19184687580629,
            -20.15688977749385,
            26.0929
          ],
          [
            -40.1921476683963,
            -20.15711412652874,
            26.0929
          ],
          [
            -40.19230343570815,
            -20.1572220909282,
            26.0929
          ],
          [
            -40.19249960345909,
            -20.15748933003011,
            26.0929
          ],
          [
            -40.19279145485747,
            -20.1578652971509,
            26.0929
          ],
          [
            -40.19299170847118,
            -20.15821754147917,
            26.0929
          ],
          [
            -40.19316846569131,
            -20.15851811428727,
            26.0929
          ],
          [
            -40.19336967725072,
            -20.15875679761914,
            26.0929
          ],
          [
            -40.19360535311069,
            -20.15894258049877,
            26.0929
          ],
          [
            -40.19377724061248,
            -20.15905511340799,
            26.0929
          ],
          [
            -40.19394834776805,
            -20.15912014960105,
            26.0929
          ],
          [
            -40.19408934438231,
            -20.1591155472489,
            26.0929
          ],
          [
            -40.19431227921631,
            -20.1590598703601,
            26.0929
          ],
          [
            -40.19443438301,
            -20.15895687202078,
            26.0929
          ],
          [
            -40.19457236822721,
            -20.158694290387,
            26.0929
          ],
          [
            -40.19469467722686,
            -20.15856759089523,
            26.0929
          ],
          [
            -40.19483967938748,
            -20.15849373585283,
            26.0929
          ],
          [
            -40.1951163829353,
            -20.15841932988389,
            26.0929
          ],
          [
            -40.1955560256987,
            -20.15834939028931,
            26.0929
          ],
          [
            -40.19582442062232,
            -20.15833939067663,
            26.0929
          ],
          [
            -40.19595554272348,
            -20.15833941182931,
            26.0929
          ],
          [
            -40.19607975973876,
            -20.15838954557804,
            26.0929
          ],
          [
            -40.19617472826118,
            -20.15849890302353,
            26.0929
          ],
          [
            -40.19626887362651,
            -20.15879998727485,
            26.0929
          ],
          [
            -40.19631230403061,
            -20.1590287638071,
            26.0929
          ],
          [
            -40.19667492995285,
            -20.16087421976846,
            26.0929
          ],
          [
            -40.19667215575838,
            -20.16112059999782,
            26.0929
          ],
          [
            -40.19663783974165,
            -20.16139189177528,
            26.0929
          ],
          [
            -40.19655478154731,
            -20.16173360200063,
            26.0929
          ],
          [
            -40.19648509020322,
            -20.16198447990186,
            26.0929
          ],
          [
            -40.19651492546751,
            -20.16220320419943,
            26.0929
          ],
          [
            -40.19652301178513,
            -20.16235383631297,
            26.0929
          ],
          [
            -40.19667754557407,
            -20.16291753536769,
            26.0929
          ],
          [
            -40.19711147497811,
            -20.16407113103477,
            26.0929
          ],
          [
            -40.19733083430721,
            -20.16452180964445,
            26.0929
          ],
          [
            -40.19747763504076,
            -20.16473218638907,
            26.0929
          ],
          [
            -40.19763145405782,
            -20.16494653137753,
            26.0929
          ],
          [
            -40.19782532001841,
            -20.16511747150313,
            26.0929
          ],
          [
            -40.1980709404806,
            -20.16528675990698,
            26.0929
          ],
          [
            -40.19833881175656,
            -20.16544886088771,
            26.0929
          ],
          [
            -40.19882179789872,
            -20.16568227973055,
            26.0929
          ],
          [
            -40.19959353804987,
            -20.16609044808842,
            26.0929
          ],
          [
            -40.20005796334846,
            -20.1662846321785,
            26.0929
          ],
          [
            -40.20065839121546,
            -20.16651482540567,
            26.0929
          ],
          [
            -40.20140152667867,
            -20.16665867902478,
            26.0929
          ],
          [
            -40.20328594957584,
            -20.16694466352086,
            26.0929
          ],
          [
            -40.20373457877702,
            -20.16705369367415,
            26.0929
          ],
          [
            -40.20408034013921,
            -20.16718559038287,
            26.0929
          ],
          [
            -40.20457016425269,
            -20.16745077120214,
            26.0929
          ],
          [
            -40.20506322074098,
            -20.16767247715303,
            26.0929
          ],
          [
            -40.20566193342151,
            -20.16803565510705,
            26.0929
          ],
          [
            -40.20612920465438,
            -20.1683764799136,
            26.0929
          ],
          [
            -40.20663606682972,
            -20.16877092202951,
            26.0929
          ],
          [
            -40.20692053498986,
            -20.16893718660604,
            26.0929
          ],
          [
            -40.20729131438499,
            -20.16907978435153,
            26.0929
          ],
          [
            -40.20779199310678,
            -20.16917493908063,
            26.0929
          ],
          [
            -40.20961633302867,
            -20.16955613979665,
            26.0929
          ],
          [
            -40.2112533588234,
            -20.16987709151295,
            26.0929
          ],
          [
            -40.21171255059514,
            -20.16994962974113,
            26.0929
          ],
          [
            -40.21292097961229,
            -20.17002544824312,
            26.0929
          ],
          [
            -40.21337998101885,
            -20.17006872434142,
            26.0929
          ],
          [
            -40.21349113904456,
            -20.17011003875597,
            26.0929
          ],
          [
            -40.21366863167086,
            -20.17020012314524,
            26.0929
          ],
          [
            -40.21427843002488,
            -20.17070833705065,
            26.0929
          ],
          [
            -40.21503776946403,
            -20.17137639990256,
            26.0929
          ],
          [
            -40.21517069856479,
            -20.17148994926133,
            26.0929
          ],
          [
            -40.21540869340664,
            -20.17161165214234,
            26.0929
          ],
          [
            -40.21723639325918,
            -20.1723469484407,
            26.0929
          ],
          [
            -40.21914089268762,
            -20.17310581162321,
            26.0929
          ],
          [
            -40.21935680527782,
            -20.17320065357561,
            26.0929
          ],
          [
            -40.21955649814489,
            -20.17338264252593,
            26.0929
          ],
          [
            -40.21975769572935,
            -20.17376911028968,
            26.0929
          ],
          [
            -40.22018689251966,
            -20.17469008969635,
            26.0929
          ],
          [
            -40.22032569837807,
            -20.17491633715256,
            26.0929
          ],
          [
            -40.22045761787862,
            -20.17502925039305,
            26.0929
          ],
          [
            -40.22061908286677,
            -20.17511783951455,
            26.0929
          ],
          [
            -40.2212209576924,
            -20.17524546145386,
            26.0929
          ],
          [
            -40.22141257123066,
            -20.17531474086232,
            26.0929
          ],
          [
            -40.22190224065353,
            -20.17558272544137,
            26.0929
          ],
          [
            -40.22285521623897,
            -20.1761649745658,
            26.0929
          ],
          [
            -40.22314241522765,
            -20.17629309720514,
            26.0929
          ],
          [
            -40.22381225688886,
            -20.1765603634546,
            26.0929
          ],
          [
            -40.22486570260247,
            -20.17694337457509,
            26.0929
          ],
          [
            -40.22559772039264,
            -20.17732848140385,
            26.0929
          ],
          [
            -40.22793801553594,
            -20.17884788995984,
            26.0929
          ],
          [
            -40.22839226132621,
            -20.17907747360709,
            26.0929
          ],
          [
            -40.22904710841345,
            -20.1793818992958,
            26.0929
          ],
          [
            -40.22988582965616,
            -20.17971989647178,
            26.0929
          ],
          [
            -40.23233861468421,
            -20.18091931413228,
            26.0929
          ],
          [
            -40.23360145246856,
            -20.18150560999319,
            26.0929
          ],
          [
            -40.23754710130795,
            -20.18334145325393,
            26.0929
          ],
          [
            -40.2410784959123,
            -20.18497832066395,
            26.0929
          ],
          [
            -40.24160511945521,
            -20.18522104937218,
            26.0929
          ],
          [
            -40.24181388189921,
            -20.18531709274587,
            26.0929
          ],
          [
            -40.24206337794526,
            -20.1854005178997,
            26.0929
          ],
          [
            -40.24207113453451,
            -20.18539726022705,
            26.0929
          ],
          [
            -40.24226460033023,
            -20.18545157351484,
            26.0929
          ],
          [
            -40.24253350256963,
            -20.18547859859213,
            26.0929
          ],
          [
            -40.2429562031118,
            -20.1854635295986,
            26.0929
          ],
          [
            -40.24329429252514,
            -20.18541432454832,
            26.0929
          ],
          [
            -40.24354011538504,
            -20.18543495377924,
            26.0929
          ],
          [
            -40.24363344035703,
            -20.18546211949741,
            26.0929
          ],
          [
            -40.24373907529721,
            -20.18550604220656,
            26.0929
          ],
          [
            -40.24390419289774,
            -20.18564433433176,
            26.0929
          ],
          [
            -40.24401118671101,
            -20.18579844610975,
            26.0929
          ],
          [
            -40.24407775515526,
            -20.18595535162716,
            26.0929
          ],
          [
            -40.24411555405024,
            -20.18640765447232,
            26.0929
          ],
          [
            -40.24418277534506,
            -20.18854546832056,
            26.0929
          ],
          [
            -40.24430265411544,
            -20.19189052789665,
            26.0929
          ],
          [
            -40.24436376869682,
            -20.19347436707639,
            26.0929
          ],
          [
            -40.24438190268693,
            -20.1935967530134,
            26.0929
          ],
          [
            -40.24445314088878,
            -20.19367306083051,
            26.0929
          ],
          [
            -40.24453900295772,
            -20.19371354879344,
            26.0929
          ],
          [
            -40.24472112142055,
            -20.19378297232316,
            26.0929
          ],
          [
            -40.24492193696002,
            -20.19397487524804,
            26.0929
          ],
          [
            -40.24504631949274,
            -20.19414773831978,
            26.0929
          ],
          [
            -40.2451719233852,
            -20.19437645340088,
            26.0929
          ],
          [
            -40.2452170888479,
            -20.19456306832464,
            26.0929
          ],
          [
            -40.24524400420547,
            -20.19469127496203,
            26.0929
          ],
          [
            -40.2452664658524,
            -20.19477355005105,
            26.0929
          ],
          [
            -40.24532230060051,
            -20.19485040040543,
            26.0929
          ],
          [
            -40.24540084393579,
            -20.19492697561065,
            26.0929
          ],
          [
            -40.24549513010108,
            -20.19498650384093,
            26.0929
          ],
          [
            -40.24577025510291,
            -20.19500243646753,
            26.0929
          ],
          [
            -40.24635614886401,
            -20.19496131221964,
            26.0929
          ],
          [
            -40.24752123873398,
            -20.19489641311499,
            26.0929
          ],
          [
            -40.24959409270757,
            -20.19475806196536,
            26.0929
          ],
          [
            -40.2519577376596,
            -20.19457969786854,
            26.0929
          ],
          [
            -40.25412474331294,
            -20.1944717322056,
            26.0929
          ],
          [
            -40.25629665579402,
            -20.1943297763107,
            26.0929
          ],
          [
            -40.25636346055323,
            -20.19423180641285,
            26.0929
          ],
          [
            -40.25656419360018,
            -20.19410318615457,
            26.0929
          ],
          [
            -40.25661688189405,
            -20.19396284175011,
            26.0929
          ],
          [
            -40.25659956383114,
            -20.19384582102055,
            26.0929
          ],
          [
            -40.2564823469415,
            -20.19374192568732,
            26.0929
          ],
          [
            -40.25624889761372,
            -20.19369362162359,
            26.0929
          ],
          [
            -40.25506536799154,
            -20.19377711504357,
            26.0929
          ],
          [
            -40.25497527510472,
            -20.19374402198119,
            26.0929
          ],
          [
            -40.25495883283444,
            -20.1936558341007,
            26.0929
          ],
          [
            -40.25497744849167,
            -20.19359029584838,
            26.0929
          ],
          [
            -40.25502526406848,
            -20.19356916770733,
            26.0929
          ],
          [
            -40.25513850293233,
            -20.19355869141592,
            26.0929
          ],
          [
            -40.25618593277129,
            -20.19345493319509,
            26.0929
          ]
        ]
      },
      "properties": {
        "data_versao": "07_12_2025",
        "tipo_linha": "Praias",
        "codigo_linha": "870",
        "itinerario": "870I",
        "terminal_origem": "não integrada",
        "terminal_destino": "não integrada"
      }
    }
  ]
}